ack_id,plan_name_clean,sponsor_name,amt_mutual_funds,staged_total,gap_amt,gap_pct
20260702101103NAL0012282515001,CONSOLIDATED 403(B) PROGRAM OF MASS GENERAL BRIGHAM AND MEMBER ORGANIZATIONS,MASS GENERAL BRIGHAM INCORPORATED,12941558021.00,0.00,12941558021.00,100.00
20260722112541NAL0018475330001,MAYO 403(B) PLAN,MAYO CLINIC,12798940621.00,0.00,12798940621.00,100.00
20251010175027NAL0008070449001,STANFORD CONTRIBUTORY RETIREMENT PLAN,THE BOARD OF TRUSTEES OF THE LELAND STANFORD JUNIOR UNIVERSITY,9682393396.00,0.00,9682393396.00,100.00
20251010135251NAL0018754754001,DUKE ENERGY RETIREMENT SAVINGS PLAN,DUKE ENERGY CORPORATION,9569696000.00,0.00,9569696000.00,100.00
20251006141123NAL0003741777001,CVS HEALTH FUTURE FUND 401(K) PLAN,CVS HEALTH CORPORATION,9446229019.00,0.00,9446229019.00,100.00
20260717114259NAL0006085105001,IBM 401(K) PLAN,INTERNATIONAL BUSINESS MACHINES CORPORATION,8699489575.00,0.00,8699489575.00,100.00
20260715102148NAL0001978259001,THE HOME DEPOT FUTUREBUILDER TRUST,"THE HOME DEPOT, INC.",6882845283.00,0.00,6882845283.00,100.00
20251007174512NAL0008660608003,COMCAST CORPORATON EMPLOYEE SAVINGS PLANS MASTER T,COMCAST CORPORATION,5152855131.00,0.00,5152855131.00,100.00
20260724135502NAL0012679475001,MICROSOFT CORPORATION SAVINGS PLUS 401K PLAN,MICROSOFT CORPORATION,4612245002.00,0.00,4612245002.00,100.00
20251014195156NAL0003665937004,EMORY UNIVERSITY RETIREMENT PLAN,EMORY UNIVERSITY DIVISION OF HUMAN RESOURCES,4893140808.00,576600393.11,4316540414.89,88.00
20251014143400NAL0006349954001,"THE DELTA AIR LINES, INC. DEFINED CONTRIBUTION PLA","DELTA AIR LINES, INC",3772388663.00,0.00,3772388663.00,100.00
20250919133721NAL0002366369001,MASSMUTUAL DEFINED CONTRIBUTION PLAN MASTER TRUST,MASSACHUSETTS MUTUAL LIFE INSURANCE COMPANY,3527238657.00,0.00,3527238657.00,100.00
20251015190301NAL0010875202001,THE UNIVERSITY OF PENNSYLVANIA HEALTH SYSTEM 403(B) RETIREMENT SAVINGS PLAN,TRUSTEES OF THE UNIVERSITY OF PA,3389578138.00,65621073.00,3323957065.00,98.00
20251014114613NAL0001328003001,WAKE FOREST BAPTIST MEDICAL CENTER 403(B) RETIREMENT SAVINGS PLAN,WAKE FOREST UNIVERSITY BAPTIST MEDICAL CENTER,3160533459.00,335924701.00,2824608758.00,89.00
20251013141455NAL0001402353001,MEMORIAL HERMANN HEALTH SYSTEM EMPLOYEES' RETIREMENT SAVINGS PLAN,MEMORIAL HERMANN HEALTH SYSTEM,3100785291.00,477524253.00,2623261038.00,85.00
20251015130854NAL0006186912001,WELLSPAN 403(B) RETIREMENT SAVINGS PLAN,WELLSPAN HEALTH,2494530966.00,0.00,2494530966.00,100.00
20251209141357NAL0003820562001,JUSTWORKS RETIREMENT SAVINGS PLAN,JUSTWORKS EMPLOYMENT GROUP LLC,3614107823.00,1237729022.00,2376378801.00,66.00
20260107152644NAL0008199489001,THE UNIVERSITY OF CHICAGO CONTRIBUTORY RETIREMENT PLAN,THE UNIVERSITY OF CHICAGO,3021181993.00,666936303.00,2354245690.00,78.00
20251015094802NAL0004496641001,INVESTMENT ACCOUNT,SAINT-GOBAIN CORPORATION,2291791017.00,0.00,2291791017.00,100.00
20251015182817NAL0011027730001,MACYS INC. DEFINED CONTRIBUTION PLANS MASTER TRUST,"MACY'S, INC.",2252908000.00,0.00,2252908000.00,100.00
20251015121015NAL0002381763001,JOHNSON AND JOHNSON PENSION AND SAVINGS PLAN MASTER TRUST,JOHNSON AND JOHNSON,2227385856.00,0.00,2227385856.00,100.00
20251015122510NAL0002403219001,JEFFERSON DEFINED CONTRIBUTION RETIREMENT PLAN,THOMAS JEFFERSON UNIVERSITY,2371811436.00,230937196.00,2140874240.00,90.00
20251014172558NAL0001702339001,UNIVERSITY HOSPITALS HEALTH SYSTEM 403(B) MATCHED RETIREMENT SAVINGS PLAN,UNIVERSITY HOSPITALS HEALTH SYSTEM,2378021777.00,250579629.00,2127442148.00,89.00
20251014161612NAL0003380401001,GUNDERSEN LUTHERAN EMPLOYEES' RETIREMENT PLAN,GUNDERSEN LUTHERAN ADMINISTRATIVE SERVICES INC,2101982929.00,0.00,2101982929.00,100.00
20251014155850NAL0001653379001,FEDERAL EXPRESS CORPORATION PILOTS RETIREMENT SAVINGS PLAN,FEDERAL EXPRESS CORPORATION,2031581580.00,4038410.00,2027543170.00,100.00
20251013090403NAL0002149570001,"MASTER TRUST FOR DC PLANS OF AMERICAN AIRLINES, INC. AND AFFILIATES","AMERICAN AIRLINES, INC. - RETIREMENT",2023744079.00,53862.00,2023690217.00,100.00
20251015121322NAL0004812305001,CARNEGIE MELLON UNIVERSITY FACULTY AND STAFF RETIREMENT PLAN,CARNEGIE MELLON UNIVERSITY,2340772588.00,373342210.00,1967430378.00,84.00
20250914082113NAL0000341680001,"FROEDTERT HEALTH, INC. 403(B) PLAN","FROEDTERT THEDACARE HEALTH, INC.",1966990552.00,0.00,1966990552.00,100.00
20260702173740NAL0014956897001,SUN ADVANTAGE SAVINGS AND INVESTMENT PLAN,"SUN LIFE FINANCIAL U.S. SERVICES COMPANY, INC.",1899722898.00,0.00,1899722898.00,100.00
20260513074811NAL0006610787001,THE PROGRESSIVE 401(K) PLAN,THE PROGRESSIVE CORPORATION & ITS PARTICIPATING SUBSIDIARIES,2043916868.00,144544066.00,1899372802.00,93.00
20260724161454NAL0015864273001,"CISCO SYSTEMS,INC. 401(K) PLAN","CISCO SYSTEMS, INC.",1897493982.00,0.00,1897493982.00,100.00
20251009135917NAL0011609856001,BROADCOM U.S. 401(K) PLAN,AVAGO TECHNOLOGIES U.S. INC.,1895742465.00,0.00,1895742465.00,100.00
20251015113153NAL0002330259001,CEDARS-SINAI 403B RETIREMENT PLAN,CEDARS-SINAI MEDICAL CENTER,2234176687.00,344306145.00,1889870542.00,85.00
20251008114247NAL0009333472001,"TOYOTA MOTOR NORTH AMERICA, INC. RETIREMENT SAVINGS PLAN","TOYOTA MOTOR NORTH AMERICA, INC.",2018329458.00,133122055.00,1885207403.00,93.00
20260713094000NAL0002527971001,EMERSON ELECTRIC CO. DEFINED CONTRIBUTION PLANS MASTER TRUST,EMERSON ELECTRIC COMPANY,1711795751.00,0.00,1711795751.00,100.00
20251008155841NAL0006101921001,THE WALT DISNEY COMPANY RETIREMENT PLAN MASTER TRUST,TWDC ENTERPRISES 18 CORP.,1692043384.00,0.00,1692043384.00,100.00
20260713112350NAL0000113041001,"TETRA TECH, INC. AND SUBSIDIARIES RETIREMENT PLAN","TETRA TECH, INC.",1669426619.00,0.00,1669426619.00,100.00
20251014082229NAL0001120627001,EATON SAVINGS TRUST,EATON CORPORATION,1591771779.00,0.00,1591771779.00,100.00
20260622142505NAL0006418033001,BRISTOL-MYERS SQUIBB SAVINGS PLANS MASTER TRUST,BRISTOL-MYERS SQUIBB COMPANY,1588326065.00,0.00,1588326065.00,100.00
20251005195323NAL0003019665001,HOWARD HUGHES MEDICAL INSTITUTE RETIREMENT SAVINGS PLAN,HOWARD HUGHES MEDICAL INSTITUTE,1586011370.00,0.00,1586011370.00,100.00
20260710090002NAL0002656610001,"BROWN & BROWN, INC EMPLOYEE SAVINGS PLAN","BROWN & BROWN, INC.",1547986465.00,0.00,1547986465.00,100.00
20260722132017NAL0012692753001,FRED HUTCHINSON CANCER CENTER RETIREMENT SAVINGS PLAN,FRED HUTCHINSON CANCER CENTER,1530258093.00,0.00,1530258093.00,100.00
20251014171116NAL0004605680001,GE VERNOVA RETIREMENT SAVINGS PLAN,"ROPCOR, INC.",1524563510.00,0.00,1524563510.00,100.00
20251014222129NAL0001838435001,UNIVERSITY OF SOUTHERN CALIFORNIA TAX-DEFERRED ANNUITY PLAN,UNIVERSITY OF SOUTHERN CALIFORNIA,4039140640.00,2538666263.00,1500474377.00,37.00
20250930082946NAL0011438529001,THE CONSOLIDATED EDISON THRIFT SAVINGS PLAN,"CONSOLIDATED EDISON COMPANY OF NEW YORK, INC.",1484429237.00,0.00,1484429237.00,100.00
20251015151614NAL0004962433001,PRISMA HEALTH RETIREMENT SAVINGS PLAN,PRISMA HEALTH,1889265357.00,418269838.00,1470995519.00,78.00
20251013102609NAL0001106817004,CHUBB US 401(K) PLAN,CHUBB INA HOLDINGS INC. (FORMERLY ACE INA HOLDINGS INC.),1477658783.00,13076722.00,1464582061.00,99.00
20260212120027NAL0000104978001,"MEDTRONIC, INC. MASTER TRUST FUND","MEDTRONIC, INC.",1420803455.00,0.00,1420803455.00,100.00
20260714103132NAL0001880882001,ALIGHT SOLUTIONS LLC 401(K) PLAN (FKA HEWITT ASSOCIATES LLC 401K PLAN),ALIGHT SOLUTIONS LLC,1411658240.00,0.00,1411658240.00,100.00
20251015121024NAL0002265923001,JOHNSON AND JOHNSON SAVINGS PLAN TRUST,JOHNSON AND JOHNSON,1407259857.00,0.00,1407259857.00,100.00
20260630082519NAL0011111075001,T. ROWE PRICE U.S. RETIREMENT PROGRAM,"T. ROWE PRICE GROUP, INC.",1401963048.00,0.00,1401963048.00,100.00
20251007064524NAL0010856370001,ADVOCATE AURORA HEALTH 401(K) PLAN,"ADVOCATE AURORA HEALTH, INC",1316458216.00,0.00,1316458216.00,100.00
20260701145640NAL0013790801001,FRANKLIN TEMPLETON 401(K) RETIREMENT PLAN,"FRANKLIN RESOURCES, INC.",1299144634.00,0.00,1299144634.00,100.00
20251015112156NAL0002318419001,HAWAI'I PACIFIC HEALTH 403(B) SAVINGS PLAN,HAWAII PACIFIC HEALTH,1327387415.00,30944261.00,1296443154.00,98.00
20251015142629NAL0004829057001,BLUE CROSS BLUE SHIELD OF MICHIGAN 401(K) MASTER TRUST,BLUE CROSS BLUE SHIELD OF MICHIGAN,1287704098.00,0.00,1287704098.00,100.00
20251013080941NAL0002023634001,FACTORY MUTUAL INSURANCE COMPANY 401(K) SAVINGS PLAN,FACTORY MUTUAL INSURANCE COMPANY,1294226918.00,23672461.00,1270554457.00,98.00
20251009103902NAL0003502899001,HORIZON BLUE CROSS BLUE SHIELD OF NEW JERSEY EMPLOYEES SAVINGS AND INVESTMENT PLAN,"HORIZON HEALTHCARE SERVICES, INC.",1439459004.00,182763718.00,1256695286.00,87.00
20251015161711NAL0005099105001,NORTHWELL HEALTH 403(B) PLAN,"NORTHWELL HEALTH, INC.",9443648267.00,8206728333.00,1236919934.00,13.00
20260629154023NAL0015046928001,DEPAUL UNIVERSITY 403(B) RETIREMENT PLAN,DEPAUL UNIVERSITY,1225057947.00,0.00,1225057947.00,100.00
20251014104133NAL0005514674001,KENVUE SAVINGS PLANS MASTER TRUST,KENVUE INC.,1217328784.00,0.00,1217328784.00,100.00
20260702101911NAL0012289971003,NORTHERN LIGHT HEALTH RETIREMENT PARTNERSHIP 403(B) PLAN,EASTERN MAINE HEALTHCARE SYSTEMS D/B/A NORTHERN LIGHT HEALTH,1206170937.00,0.00,1206170937.00,100.00
20260326123954NAL0007553106001,BROWN HEALTH 401(K) RETIREMENT SAVINGS PLAN,LIFESPAN CORPORATION,1206089704.00,0.00,1206089704.00,100.00
20251015150753NAL0009946722001,REYES HOLDINGS RETIREMENT PLAN,"REYES HOLDINGS, LLC",1695574542.00,490473003.00,1205101539.00,71.00
20260107152947NAL0009140480001,THE UNIVERSITY OF CHICAGO SUPPLEMENTAL RETIREMENT PLAN,THE UNIVERSITY OF CHICAGO,1574882081.00,376222572.00,1198659509.00,76.00
20250904094556NAL0009960387001,"NEW YORK UNIVERSITY RETIREMENT PLAN FOR MEMBERS OF THE FACULTY, PROFESSIONAL RESEARCH STAFF AND ADMINISTRATION",NEW YORK UNIVERSITY,4365335299.00,3187360094.00,1177975205.00,27.00
20251112093233NAL0000005457001,JOHNS HOPKINS HEALTH SYSTEM CORPORATION 403(B) PLAN,JOHNS HOPKINS HEALTH SYSTEM CORPORATION,1158761046.00,0.00,1158761046.00,100.00
20251015102447NAL0002237763001,SYRACUSE UNIVERSITY NONCONTRIBUTORY RETIREMENT PLAN,SYRACUSE UNIVERSITY,1147853336.00,0.00,1147853336.00,100.00
20260708190658NAL0016585779001,VALERO ENERGY CORPORATION THRIFT PLAN,VALERO ENERGY CORPORATION,1142820062.00,0.00,1142820062.00,100.00
20250923164353NAL0002676707001,"CENTURYLINK, INC. DEFINED CONTRIBUTION PLAN MASTER","LUMEN TECHNOLOGIES, INC.",1141874062.00,0.00,1141874062.00,100.00
20260722134854NAL0018105586001,MASSACHUSETTS INSTITUTE OF TECHNOLOGY SUPPLEMENTAL 401(K) PLAN,MASSACHUSETTS INSTITUTE OF TECHNOLOGY,1136210196.00,0.00,1136210196.00,100.00
20250717153557NAL0000980354001,CITADEL RETIREMENT SAVINGS PLAN,CITADEL ENTERPRISE AMERICAS LLC,1124188171.00,2025.00,1124186146.00,100.00
20260713124807NAL0000234064001,"RAYMOND JAMES FINANCIAL, INC. & AFFILIATES PROFIT SHARING PLAN","RAYMOND JAMES FINANCIAL, INC.",1120593130.00,0.00,1120593130.00,100.00
20251015124623NAL0004579633001,VILLAGEMD 401(K) RETIREMENT SAVINGS PLAN,"VILLAGE PRACTICE MANAGEMENT COMPANY, LLC",1350180375.00,233711173.00,1116469202.00,83.00
20250924185938NAL0007032193001,KAISER PERMANENTE TAX SHELTERED ANNUITY PLAN,"KAISER FOUNDATION HEALTH PLAN, INC.",1097966181.00,0.00,1097966181.00,100.00
20250926150056NAL0004064531001,"LYONDELL CHEMICAL COMPANY, EQUISTAR CHEMICALS LP, AND HOUSTON REFINING, LP MASTER TRUST","LYONDELL CHEMICAL CO, EQUISTAR CHEMICALS LP, & HOUSTON REFINING LP",1097631882.00,0.00,1097631882.00,100.00
20250926131507NAL0010895024001,WOODWARD RETIREMENT SAVINGS PLAN,"WOODWARD, INC.",1097148096.00,0.00,1097148096.00,100.00
20251013135637NAL0000680483001,PUBLIC SERVICE ENTERPRISE GROUP INC. MASTER DEFINED CONTRIBUTION RETIREMENT TRUST,PUBLIC SERVICE ENTERPRISE GROUP INCORPORATED,1095435700.00,0.00,1095435700.00,100.00
20260724151826NAL0015789057001,BAPTIST HEALTH RETIREMENT SAVINGS PLAN MASTER TRUST,BAPTIST HEALTH,1081087934.00,0.00,1081087934.00,100.00
20260717130226NAL0004578275001,MOHAWK INDUSTRIES RETIREMENT PLAN 1 MASTER TRUST AND MOHAWK INDUSTRIES RETIREMENT PLAN 2 MASTER TRUST,"MOHAWK CARPET, LLC",1080219770.00,0.00,1080219770.00,100.00
20251013104203NAL0002466066001,TOWER HEALTH 403(B) PLAN,TOWER HEALTH,1075038136.00,0.00,1075038136.00,100.00
20260707121703NAL0019551681001,JEFFERIES EMPLOYEES' PROFIT SHARING PLAN,JEFFERIES FINANCIAL GROUP INC.,1070887910.00,0.00,1070887910.00,100.00
20251010094830NAL0007889745001,QUAD/GRAPHICS MASTER TRUST,"QUAD/GRAPHICS, INC.",1062618006.00,0.00,1062618006.00,100.00
20260723141510NAL0020196210001,"PMG SERVICES, INC. THRIFT AND PROFIT SHARING PLAN","PMG SERVICES, INC.",1061048145.00,0.00,1061048145.00,100.00
20260414113553NAL0015839569001,PWC DEFINED CONTRIBUTION INVESTMENT TRUST,PWC US GROUP LLP,1050564978.00,0.00,1050564978.00,100.00
20250930092302NAL0005410659001,SOUTHWEST RESEARCH INSTITUTE RETIREMENT PLAN,SOUTHWEST RESEARCH INSTITUTE,1246743370.00,200581791.00,1046161579.00,84.00
20251010133036NAL0013201360001,BOSTON MEDICAL CENTER 403(B) RETIREMENT PLAN,BOSTON MEDICAL CENTER,1453021586.00,415626597.00,1037394989.00,71.00
20250814105617NAL0005370979001,WALMART 401(K) PLAN,WALMART INC.,1032322277.00,0.00,1032322277.00,100.00
20250909173448NAL0020456369001,NFL PLAYER ANNUITY PROGRAM,ANNUITY BOARD OF THE NFL PLAYER ANNUITY PROGRAM,1018292830.00,0.00,1018292830.00,100.00
20260615123345NAL0000011248001,STIFEL FINANCIAL PROFIT SHARING 401(K) PLAN,STIFEL FINANCIAL CORP.,1013364509.00,975079.00,1012389430.00,100.00
20260716122923NAL0003140691001,RBC- U.S.A. RETIREMENT AND SAVINGS PLAN,RBC USA HOLDCO CORPORATION,1008513531.00,0.00,1008513531.00,100.00
20251010152514NAL0007944897001,MOTION PICTURE INDUSTRY INDIVIDUAL ACCOUNT PLAN,"BOARD OF DIRECTORS, MOTION PICTURE INDUSTRY PENSION",1000103819.00,0.00,1000103819.00,100.00
20251013145746NAL0000745891001,THE GI ALLIANCE MANAGEMENT 401K SAVINGS PLAN,"GI ALLIANCE MANAGEMENT, LLC",999294969.00,0.00,999294969.00,100.00
20260721073713NAL0013659120001,OLD DOMINION 401(K) RETIREMENT PLAN,"OLD DOMINION FREIGHT LINE, INC.",993389388.00,0.00,993389388.00,100.00
20260625145251NAL0007511923001,THE FIDELITY NATIONAL FINANCIAL GROUP 401(K) PROFIT SHARING PLAN,"FIDELITY NATIONAL FINANCIAL, INC.",993059729.00,0.00,993059729.00,100.00
20250623132312NAL0003563811002,LEE HEALTH SYSTEM 403(B) RETIREMENT PLAN,"LEE HEALTH SYSTEM, INC. D/B/A LEE HEALTH",1127268971.00,137752780.00,989516191.00,88.00
20251219165910NAL0003387523001,GE HEALTHCARE PENSION MASTER TRUST,GE HEALTHCARE TECHNOLOGIES INC.,988161898.00,0.00,988161898.00,100.00
20251008115111NAL0002973139001,THE CARGILL PARTNERSHIP PLAN,"CARGILL, INCORPORATED",954194702.00,0.00,954194702.00,100.00
20251014183518NAL0007135490001,LVMH AFFILIATES' 401(K) PLAN,"LVMH MOET HENNESSY LOUIS VUITTON, INC.",1079452435.00,126680426.00,952772009.00,88.00
20251010154210NAL0018416834001,CHILDREN'S HOSPITAL AND HEALTH SYSTEM SHARED RETIREMENT SAVINGS PLAN,"CHILDREN'S HOSPITAL AND HEALTH SYSTEM, INC.",937042279.00,0.00,937042279.00,100.00
20260716151819NAL0005896864001,"SAVINGS PLUS PLAN, LAM RESEARCH 401(K)",LAM RESEARCH CORPORATION,925338719.00,0.00,925338719.00,100.00
20251012112733NAL0000092819001,SAINT LUKE'S 403(B) PLAN,SAINT LUKE'S HEALTH SYSTEM,919158882.00,0.00,919158882.00,100.00
20251006164519NAL0006985280001,"MARSH & MCLENNAN COMPANIES, INC. MASTER RETIREMENT SAVINGS TRUST","MARSH & MCLENNAN COMPANIES, INC.",915751537.00,0.00,915751537.00,100.00
20250922150650NAL0002203571001,SECTION 403(B) DEFINED CONTRIBUTION PLAN FOR TAX-EXEMPT COLLEGES AND UNIVERSITIES IN VIRGINIA,THE GOVERNING COMMITTEE OF THE SECTION 403(B) DEFINED CONTRIBUTION,944964649.00,36018350.00,908946299.00,96.00
20251001123631NAL0013215265001,ARCONIC CORP. 401(K) PLANS MASTER TRUST,ARCONIC CORPORATION,907105485.00,0.00,907105485.00,100.00
20251012205824NAL0000517729001,HENRY FORD HEALTH SYSTEM HERITAGE 403(B) PLAN,HENRY FORD HEALTH SYSTEM,1388974081.00,497532943.00,891441138.00,64.00
20250919104203NAL0002173521001,MOLSON COORS EMPLOYEES' RETIREMENT AND SAVINGS PLAN,MOLSON COORS BEVERAGE COMPANY USA LLC,884019557.00,884019.00,883135538.00,100.00
20251008130018NAL0005876449001,BROWN UNIVERSITY DEFINED CONTRIBUTION LEGACY RETIREMENT PLAN,BROWN UNIVERSITY,1002976594.00,121806101.00,881170493.00,88.00
20251015090950NAL0002064595001,"ZF NORTH AMERICA, INC. 401(K) SAVINGS PLAN","ZF NORTH AMERICA, INC.",866218062.00,0.00,866218062.00,100.00
20251007173250NAL0005126097001,"PARKVIEW HEALTH SYSTEM, INC. 403(B) PLAN","PARKVIEW HEALTH SYSTEM, INC.",851526920.00,0.00,851526920.00,100.00
20260714115305NAL0001810528001,CAPE COD HEALTHCARE 403(B) PARTNERSHIP PLAN,CAPE COD HEALTHCARE,849317898.00,0.00,849317898.00,100.00
20251014105525NAL0001265251001,MARRIOTT VACATIONS WORLDWIDE CORP. 401(K),MARRIOTT VACATIONS WORLDWIDE CORP.,848804213.00,0.00,848804213.00,100.00
20251009124557NAL0015541122001,"MAXIMUS, INC. 401(K) PLAN","MAXIMUS, INC.",848244159.00,0.00,848244159.00,100.00
20260706153735NAL0018570993001,"ONE GAS, INC. 401(K) PLAN","ONE GAS, INC.",846945000.00,0.00,846945000.00,100.00
20250826205353NAL0015578800001,"ASPIRUS, INC. RETIREMENT PLAN","ASPIRUS, INC.",843551696.00,0.00,843551696.00,100.00
20251015162643NAL0005417233001,BOEHRINGER INGELHEIM USA CORPORATION MASTER INVESTMENT TRUST,BOEHRINGER INGELHEIM USA CORPORATION,840800980.00,0.00,840800980.00,100.00
20260713154453NAL0000411313001,CRH AMERICAS 401(K) PLAN,"CRH AMERICAS, INC.",831210690.00,0.00,831210690.00,100.00
20260713233026NAL0000570163001,RENESAS ELECTRONICS AMERICA INC. 401(K) PLAN,RENESAS ELECTRONICS AMERICA INC.,828050671.00,0.00,828050671.00,100.00
20251009185745NAL0007452353001,HONOR HEALTH 403(B) RETIREMENT SECURITY PLAN,HONORHEALTH,973239381.00,146614816.00,826624565.00,85.00
20260409164926NAL0021897058001,ILWU-PMA SAVINGS (401(K)) PLAN,PACIFIC MARITIME ASSOCIATION,824405870.00,0.00,824405870.00,100.00
20250715090357NAL0001184387001,PRESBYTERIAN HEALTHCARE SERVICES 403(B) PLAN,PRESBYTERIAN HEALTHCARE SERVICES,904086154.00,81636103.00,822450051.00,91.00
20251008130222NAL0009448880001,BROWN UNIVERSITY DEFINED CONTRIBUTION DEFERRED VESTING RETIREMENT PLAN,BROWN UNIVERSITY,875046877.00,53813787.00,821233090.00,94.00
20251013095841NAL0000978929001,"SUSQUEHANNA INTERNATIONAL GROUP, LLP 401(K) PROFIT SHARING PLAN","SUSQUEHANNA INTERNATIONAL GROUP, LLP",818951175.00,0.00,818951175.00,100.00
20260730210143NAL0029408688001,NATIONAL ELECTRICAL ANNUITY PLAN,TRUSTEES OF THE NATIONAL ELECTRICAL ANNUITY PLAN,814031570.00,0.00,814031570.00,100.00
20251007172515NAL0005117393001,COMERICA INCORPORATED PREFERRED SAVINGS PLAN,COMERICA INCORPORATED,813954264.00,0.00,813954264.00,100.00
20260717090103NAL0007997618001,PENN STATE HEALTH 401(K) SAVINGS PLAN,PENN STATE HEALTH,813344195.00,0.00,813344195.00,100.00
20251008084025NAL0003132371001,CSX CORPORATION MASTER RETIREMENT SAVINGS PLAN & TRUST,CSX CORPORATION,809233120.00,0.00,809233120.00,100.00
20251014105114NAL0005497426001,"LIVE NATION ENTERTAINMENT, INC. 401(K) SAVINGS PLAN","LIVE NATION ENTERTAINMENT, INC.",989740207.00,182209216.00,807530991.00,82.00
20251014111557NAL0005580946001,"NOMURA SECURITIES INTERNATIONAL, INC. RETIREMENT INVESTMENT PLAN","NOMURA SECURITIES INTERNATIONAL, INC.",802263690.00,0.00,802263690.00,100.00
20251003145006NAL0000864563001,FIRST-CITIZENS BANK & TRUST COMPANY 401(K) PLAN,FIRST-CITIZENS BANK & TRUST COMPANY,799643628.00,0.00,799643628.00,100.00
20260427164405NAL0013754176001,ORACLE CORPORATION 401(K) SAVINGS AND INVESTMENT PLAN,ORACLE CORPORATION,4517225013.00,3719821000.00,797404013.00,18.00
20260713125145NAL0000162883001,"RAYMOND JAMES FINANCIAL, INC. 401(K) PLAN","RAYMOND JAMES FINANCIAL, INC.",796267105.00,0.00,796267105.00,100.00
20250926154135NAL0010291520001,"CHS/COMMUNITY HEALTH SYSTEMS, INC. MASTER TRUST INVESTMENT ACCOUNT","CHS/COMMUNITY HEALTH SYSTEMS, INC.",794367957.00,0.00,794367957.00,100.00
20250909141048NAL0020320033001,PRINCETON UNIVERSITY RETIREMENT PLAN,TRUSTEE'S OF PRINCETON UNIVERSITY,1951648454.00,1157350372.00,794298082.00,41.00
20251007075123NAL0004294145001,SYNOVUS 401(K) SAVINGS PLAN,SYNOVUS FINANCIAL CORP.,786886896.00,0.00,786886896.00,100.00
20250730143603NAL0002004899001,CARILION CLINIC 403(B) RETIREMENT SAVINGS PLAN,CARILION CLINIC,783752443.00,0.00,783752443.00,100.00
20250926133706NAL0004038627001,THE MITRE CORPORATION TAX SHELTERED ANNUITY PLAN,THE MITRE CORPORATION,4530224262.00,3749133749.00,781090513.00,17.00
20260716145432NAL0006562354001,"NAVISTAR, INC. MASTER TRUST","INTERNATIONAL MOTORS, LLC",778420852.00,0.00,778420852.00,100.00
20250924132044NAL0017172210001,THE PRUDENTIAL EMPLOYEE SAVINGS PLAN,THE PRUDENTIAL INSURANCE COMPANY OF AMERICA,1016585516.00,240014606.00,776570910.00,76.00
20260707132426NAL0033263458001,LEHIGH UNIVERSITY RETIREMENT PLAN,LEHIGH UNIVERSITY,775681052.00,0.00,775681052.00,100.00
20260629071114NAL0014106512001,TRUIST FINANCIAL CORPORATION 401(K) SAVINGS PLAN,TRUIST FINANCIAL CORPORATION,774730446.00,0.00,774730446.00,100.00
20251010104106NAL0007965633001,STATE FARM 401(K) SAVINGS PLAN,STATE FARM MUTUAL AUTOMOBILE INSURANCE COMPANY,772771972.00,0.00,772771972.00,100.00
20251015124740NAL0002430851005,INVESTMENT & EMPLOYEE STOCK OWNERSHIP PLAN OF AVISTA,AVISTA CORPORATION,765706391.00,0.00,765706391.00,100.00
20260723160405NAL0011499923001,"POPULAR, INC. PR SAVINGS AND INVESTMENT PLAN SAVINGS AND INVESTMENT PLAN","POPULAR, INC.",765091992.00,0.00,765091992.00,100.00
20250722173822NAL0003117713001,"THE 401(K) STOCK PURCHASE PLAN FOR EMPLOYEES OF CULLEN/FROST BANKERS, INC. AND ITS AFFILIATES","CULLEN/FROST BANKERS, INC.",756344121.00,0.00,756344121.00,100.00
20251008150636NAL0003098595001,ARDAGH NORTH AMERICA 401(K) PLAN AND ARDAGH NORTH AMERICA BARGAINING 401(K) PLAN MASTER TRUST,ARDAGH GLASS INC.,753853357.00,0.00,753853357.00,100.00
20251008100137NAL0005671169001,SPARROW HEALTH SYSTEM ASSOCIATE RETIREMENT SAVINGS PLAN,SPARROW HEALTH SYSTEM,753506227.00,0.00,753506227.00,100.00
20251013123536NAL0000607763001,REED SMITH 401(K) PLAN,REED SMITH LLP,753158004.00,0.00,753158004.00,100.00
20250924102650NAL0007414865001,H LEE MOFFITT CANCER CENTER AND RESEARCH INST 403(B) RETIRE PLAN,H. LEE MOFFITT CANCER CENTER AND RESEARCH INSTITUTE,738176974.00,0.00,738176974.00,100.00
20260717082944NAL0005457985001,SOUTHSTATE BANK 401(K) RETIREMENT SAVINGS PLAN,"SOUTHSTATE BANK, N.A.",737594951.00,0.00,737594951.00,100.00
20260708123754NAL0020058769002,"BRANDEIS UNIVERSITY DEFINED CONTRIBUTION PLAN FOR FACULTY, PROFESSIONAL, AND ADMINISTRATIVE EMPLOYEES",BRANDEIS UNIVERSITY,734379169.00,0.00,734379169.00,100.00
20251012152637NAL0000108515001,IDAHO POWER COMPANY EMPLOYEE SAVINGS PLAN,IDAHO POWER GROUP VOLUNTARY ACCIDENTAL DEATH & DISMEMBERMENT INS,733238265.00,0.00,733238265.00,100.00
20250729115442NAL0007362866001,"PAYCHEX, INC. 401(K) INCENTIVE RETIREMENT PLAN","PAYCHEX, INC.",731101369.00,0.00,731101369.00,100.00
20251009130305NAL0006620385001,THRIVENT FINANCIAL DEFINED CONTRIBUTION PLAN TRUST,THRIVENT FINANCIAL FOR LUTHERANS,723611728.00,0.00,723611728.00,100.00
20251008142618NAL0009960640001,GERDAU AMERISTEEL US SAV & US 401(K) PLANS MASTER TRUST,GERDAU AMERISTEEL US INC.,722368769.00,0.00,722368769.00,100.00
20260820103328NAL0024021154002,UPS/IPA DEFINED CONTRIBUTION MONEY PURCHASE PENSION PLAN,UNITED PARCEL SERVICE COMPANY,722315724.00,0.00,722315724.00,100.00
20251014223322NAL0005023664002,"PREMIER HEALTHCARE SOLUTIONS, INC. MASTER TRUST","PREMIER, INC.",721223742.00,0.00,721223742.00,100.00
20260709065957NAL0017766435001,BAE SYSTEMS EMPLOYEES' SAVINGS AND INVESTMENT PLAN,"BAE SYSTEMS, INC.",720198036.00,0.00,720198036.00,100.00
20251013125336NAL0001342481001,D. E. SHAW & CO. 401(K) PLAN,"D. E. SHAW & CO., L.P.",718162120.00,0.00,718162120.00,100.00
20251015200323NAL0011333682001,PILLSBURY WINTHROP SHAW PITTMAN LLP RETIREMENT SAVINGS PLANS NO. 1 AND NO. 2 MASTER TRUST,PILLSBURY WINTHROP SHAW PITTMAN LLP,714972740.00,0.00,714972740.00,100.00
20251013163438NAL0001604737001,WESTERN DIGITAL CORPORATION 401(K) PLAN,WESTERN DIGITAL CORPORATION,708141300.00,0.00,708141300.00,100.00
20260611175353NAL0005489521001,"SKYWEST, INC. EMPLOYEES' RETIREMENT PLAN","SKYWEST, INC",703887501.00,0.00,703887501.00,100.00
20251015152739NAL0002550787001,PHILIPS NORTH AMERICA 401(K) PLAN,PHILIPS NORTH AMERICA LLC,700539052.00,0.00,700539052.00,100.00
20260311122857NAL0005285104001,PAUL HASTINGS LLP DEFINED CONTRIBUTION RETIREMENT PLAN,PAUL HASTINGS LLP,700203500.00,80036.39,700123463.61,100.00
20260701132143NAL0017530832001,PIPER SANDLER COMPANIES RETIREMENT PLAN,PIPER SANDLER COMPANY,698401318.00,0.00,698401318.00,100.00
20260713121218NAL0000164609001,OPPENHEIMER & CO. INC. 401(K) PLAN,OPPENHEIMER & CO. INC.,698086685.00,0.00,698086685.00,100.00
20251014215223NAL0003643521001,COVENANT HEALTH 401(K) PLAN,COVENANT HEALTH,697063893.00,0.00,697063893.00,100.00
20250902150819NAL0014415937001,FOX SAVINGS PLAN,FOX CORPORATION,734636346.00,37897529.00,696738817.00,95.00
20251006121350NAL0002046403001,MIDMICHIGAN HEALTH 403B SAVINGS PLAN,MYMICHIGAN HEALTH,694788555.00,0.00,694788555.00,100.00
20251013182017NAL0000895075001,JONES DAY DEFINED CONTRIBUTION MASTER TRUST,JONES DAY,850213781.00,156018850.00,694194931.00,82.00
20260715205503NAL0004902306001,CBRE 401(K) PLAN,"CBRE SERVICES, INC.",693225284.00,0.00,693225284.00,100.00
20251015002143NAL0005055008001,SYNGENTA CORPORATION INVESTMENT SAVINGS PLAN,SYNGENTA CORPORATION,691714411.00,0.00,691714411.00,100.00
20250905145108NAL0035822066001,RITE AID MASTER RETIREMENT SAVINGS TRUST,RITE AID CORPORATION,691343242.00,0.00,691343242.00,100.00
20251013161934NAL0000824499001,DLA PIPER LLP (US) PROFIT SHARING AND 401(K) SAVINGS PLAN,DLA PIPER LLP (US),691208663.00,0.00,691208663.00,100.00
20260722133255NAL0012707505001,MAYO RETIREMENT SAVINGS PLAN,MAYO HOLDING COMPANY,691179003.00,0.00,691179003.00,100.00
20251001134426NAL0017873779001,BESSEMER TRUST COMPANY 401K AND PROFIT SHARING PLAN,BESSEMER TRUST COMPANY,690612435.00,0.00,690612435.00,100.00
20251009142304NAL0015771650001,"YARDI SYSTEMS, INC. 401(K) PROFIT SHARING PLAN","YARDI SYSTEMS, INC.",688576925.00,0.00,688576925.00,100.00
20251014083111NAL0005096018001,AMERICAN GREETINGS RETIREMENT SAVINGS PLAN,AMERICAN GREETINGS CORPORATION,683143783.00,0.00,683143783.00,100.00
20260714094357NAL0001304897001,MSC INDUSTRIAL DIRECT 401(K) PLAN,"MSC INDUSTRIAL DIRECT CO., INC.",677271672.00,0.00,677271672.00,100.00
20251203164255NAL0000894369001,EBSCO SAVINGS AND PROFIT SHARING PLAN,EBSCO INDUSTRIES INC,676215088.00,0.00,676215088.00,100.00
20251010143953NAL0007887665002,MEIJER 401K RETIREMENT PLAN MASTER TRUST,"MEIJER, INC.",674128222.00,0.00,674128222.00,100.00
20260720075830NAL0012164464001,"JANE STREET GROUP, LLC 401(K) PLAN","JANE STREET GROUP, LLC",673049737.00,0.00,673049737.00,100.00
20260715095209NAL0003478240001,KRAMER LEVIN NAFTALIS & FRANKEL MASTER TRUST,HERBERT SMITH FREEHILLS KRAMER (US) LLP,670320323.00,0.00,670320323.00,100.00
20251013192643NAL0000914131004,MARQUETTE UNIVERSITY RETIREMENT PLAN,MARQUETTE UNIVERSITY,669759866.00,0.00,669759866.00,100.00
20250924125920NAL0008172096001,"COMMERCE BANCSHARES, INC. PARTICIPATING INVESTMENT PLAN","COMMERCE BANCSHARES, INC.",662501286.00,0.00,662501286.00,100.00
20251013200651NAL0002687120001,SRI INTERNATIONAL RETIREMENT SAVINGS PLAN,SRI INTERNATIONAL,658568569.00,0.00,658568569.00,100.00
20260611104220NAL0005774259001,ALTRIA CLIENT SERVICES MASTER TRUST FOR DEFERRED PROFIT-SHARING PLANS,ALTRIA CLIENT SERVICES LLC,651804147.00,0.00,651804147.00,100.00
20251015105721NAL0005859936001,STEAMFITTERS' INDUSTRY SUPPLEMENTAL RETIREMENT FUND,BOARD OF TRUSTEES STEAMFITTERS' INDUSTRY SUPPLEMENTAL RETIREMENT,650763502.00,0.00,650763502.00,100.00
20250722090944NAL0001077811001,"PULTEGROUP, INC. 401(K) PLAN","PULTEGROUP, INC.",650545283.00,0.00,650545283.00,100.00
20251014153055NAL0003290785001,ICF RETIREMENT SAVINGS PLAN,"ICF CONSULTING GROUP, INC",867122577.00,219783664.00,647338913.00,75.00
20260629150942NAL0011863169002,"THE MASTEC, INC. 401K RETIREMENT PLAN","MASTEC, INC.",646060325.00,0.00,646060325.00,100.00
20251014153723NAL0006621026001,TRINET 401(K) PLAN,"TRINET HR III, INC.",642903775.00,0.00,642903775.00,100.00
20251006152958NAL0006860512001,WINTRUST FINANCIAL CORPORATION RETIREMENT SAVINGS PLAN,WINTRUST FINANCIAL CORPORATON,638188961.00,0.00,638188961.00,100.00
20251008115940NAL0003254387015,ENDURANCE 401K PLAN,ENDURANCE U.S. HOLDINGS CORPORATION,636614168.00,0.00,636614168.00,100.00
20251015140444NAL0009624962001,PRYSMIAN GROUP 401(K) PLAN,"PRYSMIAN CABLES AND SYS. USA, LLC",635782154.00,0.00,635782154.00,100.00
20260709202506NAL0000633267001,PENSION TRUST FUND FOR OPERATING ENGINEERS ANNUITY PLAN,"BOARD OF TRUSTEES, PENSION TRUST FUND FOR OPERATING",634765437.00,0.00,634765437.00,100.00
20251015102646NAL0009069074001,"FIRST NATIONAL OF NEBRASKA, INC. FIRST SAVINGS PLAN","FIRST NATIONAL OF NEBRASKA, INC.",634700910.00,0.00,634700910.00,100.00
20251007180456NAL0002638691001,"PARKVIEW HEALTH SYSTEM, INC. RETIREMENT SAVINGS PLAN","PARKVIEW HEALTH SYSTEM, INC.",632499845.00,0.00,632499845.00,100.00
20250908140740NAL0032566656001,AMERICAN MARITIME OFFICERS 401K PLAN,BOARD OF TRUSTEES AMERICAN MARITIME OFFICERS 401K PLAN,630310011.00,0.00,630310011.00,100.00
20250729142705NAL0002940417001,BAYLOR SCOTT & WHITE HEALTH 403(B) SAVINGS PLAN,BAYLOR SCOTT & WHITE HOLDINGS,628241008.00,0.00,628241008.00,100.00
20251009164133NAL0004106691001,R1 RCM HOLDCO INC. 401(K) PLAN,R1 RCM HOLDCO INC.,626346217.00,0.00,626346217.00,100.00
20260715172557NAL0003390737001,ARAMARK MASTER TRUST,ARAMARK MASTER TRUST,624467351.00,0.00,624467351.00,100.00
20251015134100NAL0002505795001,FREEMAN 401(K) PLAN,FREEMAN DECORATING CO.,621558833.00,0.00,621558833.00,100.00
20251014180612NAL0007091666001,SHARP HEALTHCARE 403(B) TAX DEFERRED RETIREMENT PLAN,SHARP HEALTHCARE,620981167.00,0.00,620981167.00,100.00
20251007150830NAL0002566323001,WAKE FOREST UNIVERSITY RETIREMENT PLAN,WAKE FOREST UNIVERSITY,710830429.00,90091863.00,620738566.00,87.00
20251009153903NAL0011780112001,AMICA 401(K) RETIREMENT SAVINGS PLAN,AMICA MUTUAL INSURANCE COMPANY,617111395.00,0.00,617111395.00,100.00
20251010153535NAL0004377779003,AMWAY RETIREMENT SAVINGS PLAN,"ALTICOR, INC.",859938605.00,243251067.00,616687538.00,72.00
20260415113951NAL0026142176004,TULANE UNIVERSITY FACULTY AND ADMINISTRATIVE 403(B) RETIREMENT PLAN,ADMINISTRATORS OF THE TULANE EDUCATIONAL FUND,614336274.00,0.00,614336274.00,100.00
20251015103156NAL0002248819001,"FIDELITY NATIONAL INFORMATION SERVICES, INC. 401(K) PROFIT SHARING PLAN","FIDELITY NATIONAL INFORMATION SERVICES, INC.",614054601.00,0.00,614054601.00,100.00
20260415164121NAL0020128513001,BALLAD HEALTH 403(B) PLAN,BALLAD HEALTH,654419864.00,40407353.00,614012511.00,94.00
20250818103424NAL0000581731001,REPUBLIC NATIONAL 401(K) PLAN,REPUBLIC NATIONAL DISTRIBUTING COMPANY,612770168.00,0.00,612770168.00,100.00
20251014180528NAL0004742384001,OVERLAKE HOSPITAL MEDICAL CENTER 403(B)RETIREMENT PLAN,OVERLAKE HOSPITAL MEDICAL CENTER,612031930.00,0.00,612031930.00,100.00
20260723165543NAL0014354289001,COSTCO 401K RETIREMENT PLAN,COSTCO WHOLESALE CORPORATION,610665032.00,0.00,610665032.00,100.00
20260626121351NAL0008400323001,SIMPLOT RETIREMENT SAVINGS PLAN,J.R. SIMPLOT COMPANY,607229303.00,0.00,607229303.00,100.00
20250819144359NAL0002416097001,JBS 401(K) SAVINGS PLAN,JBS USA FOOD COMPANY HOLDINGS,597294453.00,0.00,597294453.00,100.00
20251014153916NAL0006697154001,TRINET SELECT 401(K) PLAN,"TRINET HR IV, LLC",596867775.00,0.00,596867775.00,100.00
20251002121616NAL0000705024001,CHILDREN'S RETIREMENT INCOME BENEFIT PLAN,CHILDREN'S HOSPITAL MEDICAL CENTER OF AKRON,596655291.00,0.00,596655291.00,100.00
20251015152045NAL0006589984001,PRISMA HEALTH 401(A) PLAN,PRISMA HEALTH,592067935.00,0.00,592067935.00,100.00
20260625103432NAL0014768962001,GLOBAL PAYMENTS INC. 401(K) PLAN,GLOBAL PAYMENTS INC.,591933379.00,0.00,591933379.00,100.00
20251009165106NAL0006921921001,TE CONNECTIVITY RETIREMENT SAVINGS AND INVESTMENT PLAN,TE CONNECTIVITY CORPORATION,591930116.00,0.00,591930116.00,100.00
20251012112215NAL0000656306001,BJC 401(K) PLAN,BJC HEALTH SYSTEM DBA BJC HEALTHCARE,589426955.00,0.00,589426955.00,100.00
20251015114353NAL0004749329001,ANHEUSER-BUSCH 401(K) SAVINGS AND RETIREMENT PLAN,"ANHEUSER-BUSCH COMPANIES, LLC",586605000.00,0.00,586605000.00,100.00
20251015114357NAL0004749553001,HUNTINGTON MEMORIAL HOSPITAL SAVINGS PLAN,HUNTINGTON HEALTH,586103305.00,0.00,586103305.00,100.00
20251008111657NAL0002952435001,SAINT LOUIS UNIVERSITY 403(B) ANNUITY PLAN,SAINT LOUIS UNIVERSITY,746673023.00,160852802.00,585820221.00,78.00
20260714090302NAL0000886083001,STORMONT-VAIL HEALTHCARE EMPLOYEE 403(B) PLAN,STORMONT-VAIL HEALTHCARE INC,584717559.00,0.00,584717559.00,100.00
20260304063759NAL0002780721001,MID-AMERICA CARPENTERS REGIONAL COUNCIL SUPPLEMENTAL RETIREMENT PLAN,Mid-America Carpenters Regional Council,583898487.00,0.00,583898487.00,100.00
20260626152158NAL0009769009001,EAST WEST BANK EMPLOYEES 401(K) SAVINGS PLAN,EAST WEST BANK,583812852.00,0.00,583812852.00,100.00
20260702121951NAL0017836400001,FULTON FINANCIAL CORPORATION 401(K) RETIREMENT PLAN,FULTON FINANCIAL CORPORATION,583479849.00,0.00,583479849.00,100.00
20250819172711NAL0002431009001,HOLMAN ENTERPRISES SUPPLEMENTAL RETIREMENT AND SAVINGS PLAN,"HOLMAN AUTOMOTIVE GROUP, INC.",576006549.00,0.00,576006549.00,100.00
20260707102140NAL0032317618001,"JOHNSON CONTROLS, INC. DEFINED CONTRIBUTION PLAN TRUST","JOHNSON CONTROLS, INC.",575376727.00,0.00,575376727.00,100.00
20260713081345NAL0002837667001,PBF ENERGY RETIREMENT SAVINGS PLAN,PBF HOLDING COMPANY LLC,573382592.00,0.00,573382592.00,100.00
20251015212022NAL0011283650001,HAWAIIAN ELECTRIC INDUSTRIES RETIREMENT SAVINGS PLAN AND AMERICAN SAVINGS BANK 401(K) PLAN MASTER TRUST,"HAWAIIAN ELECTRIC INDUSTRIES, INC.",571969239.00,0.00,571969239.00,100.00
20251007144206NAL0008336800001,GRAHAM HOLDINGS COMPANY MASTER TRUST,GRAHAM HOLDINGS COMPANY,569373225.00,0.00,569373225.00,100.00
20251010151750NAL0012879184001,ALBERTSONS COMPANIES MASTER TRUST,"ALBERTSONS COMPANIES, INC.",567731067.00,0.00,567731067.00,100.00
20260716103017NAL0004223745001,COLLEGE ENTRANCE EXAMINATION BOARD RETIREMENT PLAN,COLLEGE BOARD,567448308.00,0.00,567448308.00,100.00
20251010140654NAL0012748896001,NUCOR CORPORATION PROFIT SHARING AND RETIREMENT SAVINGS PLAN,NUCOR CORPORATION,565118602.00,0.00,565118602.00,100.00
20260415141735NAL0019944529001,ERGON 401(K) PLAN,"ERGON, INC",728169110.00,163920160.00,564248950.00,77.00
20251009091215NAL0003450099001,DEUTSCHE BANK MATCHED SAVINGS PLAN,DEUTSCHE BANK AMERICAS HOLDING CORPORATION,562590630.00,0.00,562590630.00,100.00
20251014081245NAL0005047922001,"GAF, LLC CAPITAL ACCUMULATION PLANS",GAF LLC,559447338.00,0.00,559447338.00,100.00
20251014103954NAL0001230627001,THE LAITRAM EMPLOYEES' INCENTIVE SAVINGS PLAN,LAITRAM L.L.C.,558646425.00,0.00,558646425.00,100.00
20251010161019NAL0007999377001,THE RAND CORPORATION 401(A) QUALIFIED RETIREMENT PLAN,THE RAND CORPORATION,555650576.00,0.00,555650576.00,100.00
20251010152024NAL0008385457003,L3HARRIS RETIREMENT SAVINGS PLAN MASTER TRUST,"L3HARRIS TECHNOLOGIES, INC.",554361626.00,0.00,554361626.00,100.00
20260612140751NAL0007052785001,RPM INTERNATIONAL INC. 401(K) TRUST AND PLAN,RPM INTERNATIONAL INC.,548690162.00,0.00,548690162.00,100.00
20251015131746NAL0002351971001,EASTMAN KODAK EMPLOYEES' SAVINGS AND INVESTMENT PLAN,EASTMAN KODAK COMPANY,547226587.00,0.00,547226587.00,100.00
20260710133622NAL0001461489001,HP INC. MASTER TRUST,HP INC.,545452990.00,0.00,545452990.00,100.00
20251014135414NAL0001494627001,USI 401(K) PLAN,"USI INSURANCE SERVICES, LLC",543986510.00,0.00,543986510.00,100.00
20260702112746NAL0014451521001,CONSOLIDATED 401(A) AND 401(K) PROGRAM OF MASS GENERAL BRIGHAM AND MEMBER ORGANIZATIONS,MASS GENERAL BRIGHAM INCORPORATED,539103538.00,0.00,539103538.00,100.00
20251010135440NAL0008260289001,INTERNATIONAL BROTHERHOOD OF ELECTRICAL WORKERS LOCAL UNIONS SAVINGS & SECURITY PLAN,BOARD OF DIRECTORS OF THE IBEW LOCALS' SAVING & RETIREMENT GROUP TRUST,535748989.00,0.00,535748989.00,100.00
20251014195131NAL0003665441001,WILLIAM MARSH RICE UNIVERSITY SUPPLEMENTAL 403(B) PLAN,WILLIAM MARSH RICE UNIVERSITY,646170707.00,110992854.00,535177853.00,83.00
20250917150227NAL0000798274001,"ALLIANCE COAL, LLC AND AFFILIATES PROFIT SHARING AND SAVINGS PLAN",,534352482.00,0.00,534352482.00,100.00
20260724164500NAL0012866675001,"THE COOPER COMPANIES, INC. 401(K) SAVINGS PLAN","THE COOPER COMPANIES, INC.",533443507.00,0.00,533443507.00,100.00
20251014131813NAL0001446115001,WORCESTER POLYTECHNIC INSTITUTE DEFINED CONTRIBUTION PLAN,WORCESTER POLYTECHNIC INSTITUTE,531842885.00,0.00,531842885.00,100.00
20260429150349NAL0016924928001,D.A. DAVIDSON COMPANIES RETIREMENT SAVINGS AND PROFIT SHARING PLAN,D.A. DAVIDSON COMPANIES,531802140.00,0.00,531802140.00,100.00
20251210095920NAL0005401200001,KOHLS CORPORATION MASTER TRUST,"KOHL&#x27;S, INC.",638177900.00,109003345.63,529174554.37,83.00
20260720202201NAL0014815826001,C&S AND AFFILIATES 401(K) SAVINGS PLAN (A),"C&S WHOLESALE GROCERS, INC.",526396537.00,0.00,526396537.00,100.00
20251014181836NAL0003550881001,PRECISION CASTPARTS CORP. 401(K) RETIREMENT SAVINGS PLAN,PRECISION CASTPARTS CORP.,520815955.00,0.00,520815955.00,100.00
20250715133413NAL0002153377001,ZETA ASSOCIATES INCORPORATED SAVINGS PLAN,ZETA ASSOCIATES INCORPORATED,519955897.00,0.00,519955897.00,100.00
20250924163309NAL0009470227001,U-HAUL HOLDING COMPANY 401(K) SAVINGS PLAN,U-HAUL HOLDING COMPANY,519785167.00,0.00,519785167.00,100.00
20251015174451NAL0005561537001,THE SHERWIN-WILLIAMS COMPANY 401(K) PLAN,THE SHERWIN-WILLIAMS COMPANY,518643717.00,0.00,518643717.00,100.00
20251014182555NAL0004708736001,MASTERS MATES & PILOTS INDIVIDUAL RETIREMENT ACCOUNT PLAN,BOARD OF TRUSTEES OF M.M.&P. INDIVIDUAL RETIREMENT ACCOUNT PLAN,516514742.00,0.00,516514742.00,100.00
20251008104801NAL0003206595001,"MKS INSTRUMENTS, INC. PROFIT SHARING & 401(K) PLAN","MKS INSTRUMENTS, INC.",516484520.00,0.00,516484520.00,100.00
20251015095009NAL0005710368001,CSC 401K PLAN,CORPORATION SERVICE COMPANY,516424394.00,0.00,516424394.00,100.00
20251008183843NAL0003206211001,BCLP LLP US RETIREMENT PLAN,BRYAN CAVE LEIGHTON PAISNER US LLP,512953218.00,0.00,512953218.00,100.00
20251010174635NAL0008068865001,"IHEART MEDIA, INC. MASTER TRUST","IHEART COMMUNICATIONS, INC.",511792458.00,0.00,511792458.00,100.00
20251015115143NAL0002357843003,IRON WORKERS DISTRICT COUNCIL OF NEW ENGLAND ANNUITY FUND,BOARD OF TRUSTEES IRON WORKERS,510448501.00,0.00,510448501.00,100.00
20260715093041NAL0002764289001,PENN STATE HEALTH TAX SHELTERED ANNUITY PROGRAM,PENN STATE HEALTH,508892341.00,0.00,508892341.00,100.00
20251013172923NAL0003826178001,APACHE CORPORATION 401(K) SAVINGS PLAN,APACHE CORPORATION,506721089.00,0.00,506721089.00,100.00
20251013103918NAL0000490099001,CABOT 401(K) PLAN,CABOT CORPORATION,506445493.00,0.00,506445493.00,100.00
20251013160906NAL0001686737001,THE CHRIST HOSPITAL 403(B) RETIREMENT SAVINGS PLAN,THE CHRIST HOSPITAL,501941230.00,0.00,501941230.00,100.00
20260819103704NAL0018540401001,THE MIDDLEBURY COLLEGE CORE RETIREMENT PLAN,PRESIDENT & FELLOWS OF MIDDLEBURY COLLEGE,500376840.00,0.00,500376840.00,100.00
20251113130733NAL0001076643001,"ADVANCED DRAINAGE SYSTEMS, INC. RETIREMENT AND STOCK OWNERSHIP PLAN","ADVANCED DRAINAGE SYSTEMS, INC.",499795410.00,0.00,499795410.00,100.00
20260717152833NAL0006376609001,"JACK HENRY & ASSOCIATES, INC 401K RETIREMENT SAVINGS PLAN",JACK HENRY & ASSOCIATES INC,499702966.00,0.00,499702966.00,100.00
20251009112129NAL0006505377001,VERTIV GROUP CORPORATION EMPLOYEE RETIREMENT SAVINGS PLAN,VERTIV GROUP CORPORATION,498676845.00,0.00,498676845.00,100.00
20251014191045NAL0003546721001,WILLIAM MARSH RICE UNIVERSITY DEFINED CONTRIBUTION RETIREMENT PLAN,WILLIAM MARSH RICE UNIVERSITY,497181192.00,0.00,497181192.00,100.00
20251014222728NAL0007523202001,UNIVERSITY OF SOUTHERN CALIFORNIA DEFINED CONTRIBUTION RETIREMENT PLAN,UNIVERSITY OF SOUTHERN CALIFORNIA,4311839841.00,3816549787.00,495290054.00,11.00
20251008112012NAL0003228371001,SAINT LOUIS UNIVERSITY RETIREMENT PLAN,SAINT LOUIS UNIVERSITY,493913092.00,302488.00,493610604.00,100.00
20260722170929NAL0012567377001,PREMISE HEALTH 401(K) PLAN,PREMISE HEALTH,487757748.00,0.00,487757748.00,100.00
20260622163704NAL0006526769001,HP INC. 401(K) PLAN,HP INC.,494489776.00,13097347.00,481392429.00,97.00
20251114144752NAL0001553859001,COHNREZNICK LLC 401(K) PROFIT SHARING PLAN,COHNREZNICK LLP,479883836.00,0.00,479883836.00,100.00
20260805113136NAL0002463537001,CITY OF HOPE NATIONAL MEDICAL CENTER DEFINED CONTRIBUTION RETIREMENT PLAN,CITY OF HOPE,479379711.00,0.00,479379711.00,100.00
20260331125608NAL0000132467001,THE PEARSON RETIREMENT PLAN 401(K),"PEARSON EDUCATION, INC.",478910157.00,0.00,478910157.00,100.00
20250925073913NAL0009500784001,"H. LEE MOFFITT CANCER CENTER & RESEARCH INST, INC. RETIRE PLAN",H. LEE MOFFITT CANCER CENTER AND RESEARCH INSTITUTE,476975443.00,0.00,476975443.00,100.00
20251002150526NAL0001012368001,CAPITAL BLUE CROSS EMPLOYEE SAVINGS PLAN,CAPITAL BLUE CROSS,476423566.00,0.00,476423566.00,100.00
20251014100503NAL0003573408001,ARAMCO U.S. SAVINGS PLAN,ARAMCO SHARED BENEFITS COMPANY,1252030000.00,777407000.00,474623000.00,38.00
20251002095334NAL0000278065001,BALL CORPORATION MASTER PENSION TRUST,BALL CORPORATION,472771799.00,0.00,472771799.00,100.00
20251015085840NAL0008430882001,ARVEST BANK 401K & PROFIT SHARING RETIREMENT PLAN,ARVEST BANK,472704987.00,0.00,472704987.00,100.00
20251010160314NAL0019037938001,THE RAND CORPORATION 403(B) SAVINGS PLAN,THE RAND CORPORATION,532684666.00,62132975.00,470551691.00,88.00
20251015115507NAL0004463233001,JEFFERSON UNIVERSITY PHYSICIANS RETIREMENT PLAN,JEFFERSON UNIVERSITY PHYSICIANS,469299105.00,0.00,469299105.00,100.00
20260713144752NAL0000253155001,"MORGAN, LEWIS AND BOCKIUS LLP MASTER TRUST",MORGAN LEWIS & BOCKIUS LLP,469156144.00,0.00,469156144.00,100.00
20251013072056NAL0001448288001,HONDA 401(K) SAVINGS PLAN,"AMERICAN HONDA MOTOR COMPANY, INC.",469133943.00,0.00,469133943.00,100.00
20251006075329NAL0001717155001,"HOLOGIC, INC. SAVINGS AND INVESTMENT PLAN","HOLOGIC, INC.",469113658.00,0.00,469113658.00,100.00
20250915135311NAL0001435840001,NETFLIX 401(K) PLAN,"NETFLIX, INC.",469098051.00,0.00,469098051.00,100.00
20250917124745NAL0000550592001,OMNICOM GROUP RETIREMENT SAVINGS PLAN,OMNICOM GROUP INC.,468094524.00,0.00,468094524.00,100.00
20260630121545NAL0012792065001,ASSURANT 401(K) PLAN,"ASSURANT, INC.",467533310.00,0.00,467533310.00,100.00
20250909091151NAL0012796051001,"WOLFSPEED, INC. 401(K) PLAN","WOLFSPEED, INC.",467102980.00,0.00,467102980.00,100.00
20251007131640NAL0007964752001,NAVIENT 401(K) SAVINGS PLAN,NAVIENT CORPORATION,466958212.00,0.00,466958212.00,100.00
20251002143859NAL0000370131001,BANNER HEALTH EMPLOYEES 401(K) PLAN,BANNER HEALTH,466110155.00,0.00,466110155.00,100.00
20251013142836NAL0001422321003,NOVA SOUTHEASTERN UNIVERSITY 401(K) PLAN,NOVA SOUTHEASTERN UNIVERSITY,465283711.00,0.00,465283711.00,100.00
20251013150339NAL0000749731001,BJC 403(B) PLAN,BJC HEALTH SYSTEM DBA BJC HEALTHCARE,464362167.00,0.00,464362167.00,100.00
20251010090833NAL0004088947001,"THE BROAD INSTITUTE, INC. 401(K) RETIREMENT PLAN","THE BROAD INSTITUTE, INC.",464144761.00,0.00,464144761.00,100.00
20250922105540NAL0005111745001,"ONEOK, INC. 401(K) PLAN","ONEOK, INC.",463380000.00,0.00,463380000.00,100.00
20260722091700NAL0009275523001,MUNICH RE U.S. SAVINGS PLAN,"MUNICH REINSURANCE AMERICA, INC",462336416.00,0.00,462336416.00,100.00
20260625090841NAL0014633090001,"ZS ASSOCIATES, INC. 401(K) PROFIT SHARING PLAN","ZS ASSOCIATES, INC.",461873084.00,0.00,461873084.00,100.00
20260701151850NAL0014019985001,BABSON COLLEGE RETIREMENT PLAN,BABSON COLLEGE,460032483.00,0.00,460032483.00,100.00
20251013164803NAL0001619809001,"CHARTER COMMUNICATIONS, INC. DEFINED CONTRIBUTION PLANS MASTER TRUST","CHARTER COMMUNICATIONS, INC.",459906297.00,0.00,459906297.00,100.00
20251015094324NAL0002095715001,DAVIS POLK & WARDWELL MASTER TRUST,DAVIS POLK & WARDWELL LLP,458122692.00,0.00,458122692.00,100.00
20251027143530NAL0005871121001,FISH & RICHARDSON PROFIT SHARING - 401(K) PLAN,FISH & RICHARDSON P.C.,560522139.00,105675596.00,454846543.00,81.00
20250908102947NAL0041330722001,PRINCETON UNIVERSITY RETIREMENT SAVINGS PLAN,TRUSTEE'S OF PRINCETON UNIVERSITY,1392497480.00,938573657.00,453923823.00,33.00
20251010175723NAL0013648400003,BAIRD PROFIT SHARING & SAVINGS PLAN,"ROBERT W. BAIRD & CO., INC.",1578105448.00,1125420736.00,452684712.00,29.00
20251010151746NAL0007932225001,"M. C. DEAN, INC. 401(K) PLAN",MC DEAN INC,451091338.00,0.00,451091338.00,100.00
20251006125332NAL0001864467001,THE F.W. WEBB COMPANY SAVINGS & PROFIT SHARING PLAN,F.W. WEBB COMPANY,450404714.00,0.00,450404714.00,100.00
20251009122352NAL0003563667001,"ANALYSIS GROUP, INC. EMPLOYEE SAVINGS PLAN","ANALYSIS GROUP, INC.",447645138.00,0.00,447645138.00,100.00
20251012112850NAL0000093459001,SAINT LUKE'S RETIREMENT BALANCE AND MATCHING PLAN,SAINT LUKE'S HEALTH SYSTEM,446374959.00,0.00,446374959.00,100.00
20260720080203NAL0011357568001,ASSOCIATED BANC-CORP 401(K) AND EMPLOYEE STOCK OWNERSHIP PLAN,ASSOCIATED BANC-CORP,446365337.00,0.00,446365337.00,100.00
20251010084645NAL0017446226001,PITNEY BOWES INC. 401(K) PLAN,PITNEY BOWES INC.,443493079.00,0.00,443493079.00,100.00
20250910115910NAL0021146865001,THE 401(K) SAVINGS PLAN,BERKSHIRE HATHAWAY AUTOMOTIVE INC.,443227712.00,0.00,443227712.00,100.00
20260710080100NAL0000893043001,SEMPRA SAVINGS MASTER TRUST,SEMPRA,442746070.00,0.00,442746070.00,100.00
20260708085747NAL0026041680001,AMERICAN MEDICAL ASSOCIATION RETIREMENT & SAVINGS PLAN,AMERICAN MEDICAL ASSOCIATION,442315053.00,0.00,442315053.00,100.00
20251013153754NAL0000784979001,FERMI NATIONAL ACCELERATOR LABORATORY TAX SHELTERED ANNUITY PLAN,"FERMI RESEARCH ALLIANCE, LLC",566008964.00,124299933.00,441709031.00,78.00
20251010160923NAL0012971440001,"ENTEGRIS, INC. 401(K) RETIREMENT SAVINGS PLAN","ENTEGRIS, INC.",440588222.00,0.00,440588222.00,100.00
20251009115215NAL0003540883001,NAVICENT HEALTH 403(B) RETIREMENT SAVINGS PLAN,"NAVICENT HEALTH, INC.",502577205.00,62214595.00,440362610.00,88.00
20251008095017NAL0005364081001,COMPASS GROUP RETIREMENT PLAN,"COMPASS GROUP USA, INC.",439487517.00,0.00,439487517.00,100.00
20251003094150NAL0001205777001,"WATSCO, INC. PROFIT SHARING RETIREMENT PLAN AND TRUST","WATSCO, INC.",439414222.00,0.00,439414222.00,100.00
20260724162125NAL0023714354001,BOSTON SCIENTIFIC CORPORATION 401(K) RETIREMENT SAVINGS PLAN,BOSTON SCIENTIFIC CORPORATION,436380747.00,0.00,436380747.00,100.00
20251015120008NAL0002255187001,HSBC - NORTH AMERICA (U. S.) TAX REDUCTION INVESTMENT PLAN,HSBC NORTH AMERICA HOLDINGS INC.,436114491.00,0.00,436114491.00,100.00
20260113110445NAL0014111793001,FOX ROTHSCHILD LLP RETIREMENT SAVINGS PLAN,FOX ROTHSCHILD LLP,435404114.00,0.00,435404114.00,100.00
20250731143420NAL0013468018001,"KAISER ALUM INV CO HOURLY SAV AND INV PLAN, KAISER ALUM INV CO SAVINGS AND INV PLAN, AND THE KAISER ALUM WARRICK, LLC SAV AND INV PLAN MT",KAISER ALUMINUM INVESTMENTS COMPANY,434975448.00,0.00,434975448.00,100.00
20251009121835NAL0010926176001,YALE UNIVERSITY TAX-DEFERRED 403(B) SAVINGS PLAN,YALE UNIVERSITY,434932614.00,0.00,434932614.00,100.00
20251014162421NAL0004515312001,INTACT USA RETIREMENT SAVINGS PLAN,INTACT SERVICES USA LLC,433377608.00,0.00,433377608.00,100.00
20251014225606NAL0003681185001,BNP PARIBAS 401K SAVINGS PLAN,BNP PARIBAS,432685686.00,0.00,432685686.00,100.00
20260717140006NAL0004644035001,F.N.B. CORPORATION PROGRESS SAVINGS 401(K) PLAN,F.N.B. CORPORATION,432522160.00,0.00,432522160.00,100.00
20251009164644NAL0003767011001,VERICAST CORP. 401(K) PLAN,VERICAST CORP.,432229737.00,0.00,432229737.00,100.00
20250929100558NAL0012035056001,STATE STREET SALARY SAVINGS PROGRAM,STATE STREET CORPORATION,431638122.00,0.00,431638122.00,100.00
20251015092934NAL0002082723001,"ALERA GROUP, INC. SAVINGS PLAN","ALERA GROUP, INC.",431329243.00,0.00,431329243.00,100.00
20251209102447NAL0003446401001,DORSEY & WHITNEY 401(K) RETIREMENT AND SAVINGS PLAN,DORSEY & WHITNEY LLP,588146422.00,158541938.00,429604484.00,73.00
20250815111923NAL0012751440001,"GRAPHIC PACKAGING INTL., LLC MASTER TRUST","GRAPHIC PACKAGING INTERNATIONAL, LLC",429390820.00,0.00,429390820.00,100.00
20250730121541NAL0002334083001,POMONA VALLEY HOSPITAL MEDICAL CENTER RETIREMENT SAVINGS PLAN,POMONA VALLEY HOSPITAL MEDICAL CENTER,450959099.00,21581729.00,429377370.00,95.00
20251009101916NAL0010748048001,HENSEL PHELPS SALARY RETIREMENT PLAN,HENSEL PHELPS CONSTRUCTION CO.,428696153.00,0.00,428696153.00,100.00
20250813101443NAL0012523056001,FAIRWAY MORTGAGE CORP. SAVINGS & INVESTMENT PLAN,FAIRWAY INDEPENDENT MORTGAGE CORPORATION,427691920.00,0.00,427691920.00,100.00
20260715154504NAL0004527778005,"PLUMBERS' RETIREMENT SAVINGS FUND, LOCAL 130, U.A.","BOARD OF TRUSTEES FOR THE PLUMBER'S RETIREMENT SAVINGS FUND, LOCAL 130",427300522.00,0.00,427300522.00,100.00
20251014161053NAL0001665395001,OWENS CORNING SAVINGS PLAN,OWENS CORNING,426844365.00,0.00,426844365.00,100.00
20251015095409NAL0008606082005,ELEVATOR CONSTRUCTORS UNION LOCAL 1 ANNUITY AND 401K FUND,BD OF TEES OF ELEVATOR CONSTRUCTORS UNION LOCAL NO. 1 ANNUITY & 401K F,426079966.00,0.00,426079966.00,100.00
20260715202432NAL0003564497001,CORECIVIC 401(K) PLAN,"CORECIVIC OF TENNESSEE, LLC",425011014.00,0.00,425011014.00,100.00
20250912085342NAL0000708739001,MOLINA SALARY SAVINGS PLAN,"MOLINA HEALTHCARE, INC.",424979752.00,0.00,424979752.00,100.00
20250930101132NAL0005432355001,"COREBRIDGE FINANCIAL, INC. RETIREMENT SAVINGS 401(K) PLAN","COREBRIDGE FINANCIAL, INC.",424670975.00,0.00,424670975.00,100.00
20251014081658NAL0005032642001,SKF USA INC. 401(K) RETIREMENT AND SAVINGS PLAN,SKF USA INC.,423879121.00,0.00,423879121.00,100.00
20250922101013NAL0002088099001,RESOURCES GLOBAL PROFESSIONALS 401(K) SAVINGS PLAN,RESOURCES CONNECTION LLC,423159474.00,0.00,423159474.00,100.00
20250808094746NAL0004561009001,BRYAN HEALTH RETIREMENT SAVINGS PLAN,BRYAN HEALTH,423054912.00,0.00,423054912.00,100.00
20251121152400NAL0015327874001,MASTER TRUST FOR ALRO STEEL CORPORATION,ALRO STEEL CORPORATION,422602224.00,0.00,422602224.00,100.00
20251009132035NAL0003940995001,QUESTCO COMPANIES RETIREMENT PLAN,"QUESTCO HOLDINGS, INC.",422491248.00,0.00,422491248.00,100.00
20250926155537NAL0004086979001,"DUNCAN AVIATION, INC. 401(K) RETIREMENT PLAN","DUNCAN AVIATION, INC.",422024132.00,0.00,422024132.00,100.00
20251001161140NAL0018041507001,"EQUINIX, INC. 401(K) PLAN",EQUINIX,421897987.00,0.00,421897987.00,100.00
20250930144920NAL0005550099001,SEATTLE UNIVERSITY EMPLOYEES RETIREMENT PLAN,SEATTLE UNIVERSITY,421373454.00,0.00,421373454.00,100.00
20260316130345NAL0001075907001,"JAMES HARDIE BUILDING PRODUCTS, INC. RETIREMENT PLAN","JAMES HARDIE BUILDING PRODUCTS, INC.",421207876.00,0.00,421207876.00,100.00
20250905142527NAL0010629427001,DIAGEO NORTH AMERICA INC 401K MASTER TRUST,"DIAGEO NORTH AMERICA, INC.",420451141.00,0.00,420451141.00,100.00
20260630134507NAL0011314819001,NORTHWESTERN OHIO PLUMBERS AND PIPEFITTERS RETIREMENT AND TRUST,BOARD OF TRUSTEES NORTHWESTERN OHIO PLUMBERS AND PIPEFITTERS,419066183.00,0.00,419066183.00,100.00
20251003115628NAL0000840019001,U.S. DEFINED CONTRIBUTION PLAN TRUST,"MARS, INCORPORATED",419061252.00,0.00,419061252.00,100.00
20260629164729NAL0011985409001,BROWN AND CALDWELL SAVINGS PLAN,BROWN AND CALDWELL,413882431.00,0.00,413882431.00,100.00
20251009121414NAL0015470930001,YALE UNIVERSITY MATCHING RETIREMENT PLAN,YALE UNIVERSITY,413695161.00,0.00,413695161.00,100.00
20251222160024NAL0005377683001,FREDRIKSON & BYRON PA PROFIT SHARING PLAN,FREDRIKSON & BYRON PA,413235287.00,0.00,413235287.00,100.00
20260708140943NAL0020169617001,"AIR PRODUCTS & CHEMICALS, INC. RETIREMENT SAVINGS PLAN","AIR PRODUCTS AND CHEMICALS, INC.",411916025.00,0.00,411916025.00,100.00
20260415165701NAL0011902147001,BALLAD HEALTH 401(A) PLAN,BALLAD HEALTH,432279377.00,20749964.00,411529413.00,95.00
20250924102119NAL0008498752001,THE ODP CORPORATION RETIREMENT SAVINGS PLAN,"ODP INTERNATIONAL, LLC",410236654.00,0.00,410236654.00,100.00
20251001153041NAL0014474272002,COMMUNICATIONS WORKERS OF AMERICA SAVINGS AND RETIREMENT TRUST,THE BOARD OF TRUSTEES OF THE COMMUNICATIONS WORKERS OF AMERICA -,409882077.00,0.00,409882077.00,100.00
20251006151116NAL0003908849001,IAICU MULTIPLE EMPLOYER PLAN,IOWA INDEPENDENT HIGHER EDUCATION RESEARCH FOUNDATION,428612765.00,19784993.00,408827772.00,95.00
20251002084241NAL0000160195001,PFIZER SAVINGS PLAN,PFIZER INC,1247268133.00,838470000.00,408798133.00,33.00
20260715105513NAL0001986451001,"APPLIED RESEARCH ASSOCIATES, INC. 401(K) PROFIT SHARING PLAN & TRUST","APPLIED RESEARCH ASSOCIATES, INC.",408547727.00,0.00,408547727.00,100.00
20251014110009NAL0001255027008,EVERSOURCE 401K PLAN,EVERSOURCE ENERGY SERVICE COMPANY,408514892.00,0.00,408514892.00,100.00
20250812170605NAL0018664450001,KEYCORP 401K SAVINGS PLAN,KEYCORP,405435742.00,0.00,405435742.00,100.00
20260724155502NAL0019750896001,"NORTH MISSISSIPPI HEALTH SERVICES, INC. 403(B) PLAN","NORTH MISSISSIPPI HEALTH SERVICES, INC.",404775191.00,0.00,404775191.00,100.00
20260625153946NAL0007329475001,KNIFE RIVER CORPORATION 401(K) RETIREMENT PLAN,KNIFE RIVER CORPORATION,404366455.00,0.00,404366455.00,100.00
20251013145704NAL0001567697001,"AVERITT EXPRESS, INC. PROFIT SHARING AND 401(K) PLAN","AVERITT EXPRESS, INC.",404123249.00,0.00,404123249.00,100.00
20251015202023NAL0007262224001,LAKELAND REGIONAL MEDICAL CENTER 403(B) PLAN,LAKELAND REGIONAL MEDICAL CENTER,403943043.00,0.00,403943043.00,100.00
20251006123629NAL0009268594001,KAMAN CORPORATION 401K PLAN,KAMAN CORPORATION,413181816.00,11099020.00,402082796.00,97.00
20250922162531NAL0012786050001,SCHOOLSFIRST FEDERAL CREDIT UNION 401(K) RETIREMENT PLAN,SCHOOLSFIRST FEDERAL CREDIT UNION,401694251.00,0.00,401694251.00,100.00
20260706082306NAL0015408131001,HANCOCK WHITNEY CORPORATION 401(K) SAVINGS PLAN,HANCOCK WHITNEY CORPORATION,400817441.00,0.00,400817441.00,100.00
20250909165359NAL0020434401001,EPIC SYSTEMS CORPORATION 401(K) PLAN,EPIC SYSTEMS CORPORATION,398594392.00,0.00,398594392.00,100.00
20251008102255NAL0002916339001,MSA RETIREMENT SAVINGS PLAN,"MSA WORLDWIDE, LLC",396778289.00,0.00,396778289.00,100.00
20251015075926NAL0008253058001,ATLANTICARE 403(B) RETIREMENT PLAN,ATLANTICARE REGIONAL MEDICAL CTR,396131692.00,0.00,396131692.00,100.00
20260701105354NAL0013581745001,"ADTRAN, INC. 401(K) RETIREMENT PLAN","ADTRAN, INC.",395912909.00,0.00,395912909.00,100.00
20251008200949NAL0005959889001,AMERICAN CAST IRON PIPE COMPANY MASTER TRUST,AMERICAN CAST IRON PIPE COMPANY,395288866.00,0.00,395288866.00,100.00
20260722143456NAL0016008592001,PERRIGO COMPANY PROFIT-SHARING AND INVESTMENT PLAN,PERRIGO COMPANY,395216026.00,0.00,395216026.00,100.00
20251014135730NAL0006289314001,NORTHBAY HEALTHCARE 403(B) RETIREMENT PLAN,NORTHBAY HEALTH,393247178.00,0.00,393247178.00,100.00
20251006092006NAL0003408225001,O'NEAL STEEL 401(K) PLAN,"O'NEAL STEEL, INC.",392607106.00,0.00,392607106.00,100.00
20260630125347NAL0016180272001,WORTHINGTON DEFERRED PROFIT SHARING PLAN MASTER TRUST,"WORTHINGTON ENTERPRISES, INC",391632423.00,0.00,391632423.00,100.00
20251008150349NAL0003376291001,REYNOLDS AMERICAN DEFINED BENEFIT MASTER TRUST,REYNOLDS AMERICAN INC.,387928392.00,0.00,387928392.00,100.00
20251010120305NAL0018459090001,NEW YORK INSTITUTE OF TECHNOLOGY DEFINED CONTRIBUTION RETIREMENT PLAN,NEW YORK INSTITUTE OF TECHNOLOGY,387673271.00,0.00,387673271.00,100.00
20251013094138NAL0000451187001,"HUNT CONSOLIDATED, INC. FIDELITY THRIFT PLAN","HUNT CONSOLIDATED, INC.",387052411.00,0.00,387052411.00,100.00
20260715140328NAL0002265443001,"FORRESTER RESEARCH, INC. 401(K) PLAN & TRUST",FORRESTER RESEARCH INC,386543383.00,0.00,386543383.00,100.00
20260506121048NAL0002340544001,"GORDON FOOD SERVICE, INC. PROFIT SHARING PLAN","GORDON FOOD SERVICE, INC.",386036945.00,0.00,386036945.00,100.00
20250829121626NAL0019400496001,ALLEGHENY TECHNOLOGIES INCORPORATED MASTER TRUST,ATI INC.,385843440.00,0.00,385843440.00,100.00
20260714071539NAL0000767267002,QUARLES & BRADY LLP RETIREMENT PLAN,QUARLES & BRADY LLP,384503669.00,0.00,384503669.00,100.00
20260723130430NAL0016499792001,"MAGELLAN HEALTH, INC. RETIREMENT SAVINGS PLAN","MAGELLAN HEALTH, INC.",383733901.00,0.00,383733901.00,100.00
20251015152807NAL0006609344001,"DIGITAL INSURANCE, LLC 401(K) PLAN","DIGITAL INSURANCE, LLC.",383513616.00,0.00,383513616.00,100.00
20260721123718NAL0015543266001,TEXAS MUTUAL INSURANCE COMPANY RETIREMENT SAVINGS PLAN,TEXAS MUTUAL INSURANCE COMPANY,382996664.00,0.00,382996664.00,100.00
20260415101211NAL0019669761001,MONEY PURCHASE PENSION PLAN OF WAKE FOREST UNIVERSITY HEALTH SCIENCES,WAKE FOREST UNIVERSITY HEALTH SCIENCES,382150046.00,0.00,382150046.00,100.00
20251007113924NAL0007828000001,"SCHENKER, INC. 401(K) SAVINGS AND INVESTMENT PLAN","SCHENKER, INC",381617926.00,0.00,381617926.00,100.00
20251007151720NAL0004968113001,COMMUNITY FOUNDATION OF NORTHWEST INDIANA 403(B) RETIREMENT PLAN,"COMMUNITY FOUNDATION OF NORTHWEST IN, INC.",381499721.00,0.00,381499721.00,100.00
20260722134855NAL0012339233001,SNAP-ON INCORPORATED 401K SAVINGS PLAN,SNAP-ON INCORPORATED,381401640.00,0.00,381401640.00,100.00
20251015121500NAL0009526194001,RWJBARNABAS HEALTH 401(K) SAVINGS PLAN,RWJBARNABAS HEALTH,380955929.00,0.00,380955929.00,100.00
20251014135915NAL0003091473001,BLACKSTONE 401(K) SAVINGS PLAN,BLACKSTONE ADMINISTRATIVE SERVICES PARTNERSHIP LP,422536763.00,41597700.00,380939063.00,90.00
20260701161711NAL0011630691001,COLUMBIA BANK 401(K) AND PROFIT SHARING PLAN,"COLUMBIA BANKING SYSTEM, INC.",380491101.00,0.00,380491101.00,100.00
20251218190542NAL0012309634001,VANTIVA 401(K) PLAN,"VANTIVA USA SHARED SERVICES, INC.",380435724.00,0.00,380435724.00,100.00
20251013164750NAL0001619553001,EPICOR SOFTWARE 401(K) SAVINGS PLAN,EPICOR SOFTWARE CORPORATION,379572796.00,0.00,379572796.00,100.00
20251014183911NAL0004732656001,"VENETIAN LAS VEGAS GAMING, LLC 401(K) PLAN","VENETIAN LAS VEGAS GAMING, LLC",378806185.00,0.00,378806185.00,100.00
20251212124343NAL0008231521001,MUFG BANK LTD. 401(K) PLAN,"MUFG BANK, LTD.",377039747.00,0.00,377039747.00,100.00
20260701150051NAL0013798257001,THE HUNTINGTON 401(K) PLAN,HUNTINGTON BANCSHARES INCORPORATED,375211169.00,0.00,375211169.00,100.00
20251013143920NAL0000728147001,NOV INC. 401(K) PLAN,NOV INC.,375189864.00,0.00,375189864.00,100.00
20251013140532NAL0001464049001,MIDWESTERN UNIVERSITY RETIREMENT PLAN,MIDWESTERN UNIVERSITY,405049902.00,30056032.00,374993870.00,93.00
20251015191523NAL0011175346001,MEDAMERICA 401(K) PROFIT SHARING PLAN FOR EMPLOYEES OF VITUITY,"MEDAMERICA, INC.",1652514353.00,1278461853.00,374052500.00,23.00
20250910165243NAL0021348305001,PILGRIM'S PRIDE RETIREMENT SAVINGS PLAN,PILGRIM'S PRIDE CORPORATION,372737474.00,0.00,372737474.00,100.00
20251015193624NAL0005744705001,NUVANCE HEALTH 401(K) RETIREMENT SAVINGS PLAN,NUVANCE HEALTH,372426873.00,0.00,372426873.00,100.00
20260115162033NAL0016598545001,GOULSTON & STORRS 401(K) PROFIT SHARING PLAN AND TRUST,GOULSTON & STORRS PC,372361062.00,0.00,372361062.00,100.00
20251014140815NAL0004197904001,WESTINGHOUSE ELECTRIC COMPANY SAVINGS PLAN,WESTINGHOUSE ELECTRIC COMPANY LLC,368643377.00,0.00,368643377.00,100.00
20250818122946NAL0001189905001,SCRIPPS RETIREMENT AND INVESTMENT PLAN,E.W. SCRIPPS RETIREMENT & INVESTMENT PLAN COMMITTEE,368328827.00,0.00,368328827.00,100.00
20250930144701NAL0011814241001,OXY MRT CONSOLIDATED,THE OCCIDENTAL PETROLEUM CORP MASTER RETIREMENT PLAN TRUST,367554989.00,0.00,367554989.00,100.00
20251015132514NAL0002360851001,ABINGTON MEMORIAL HOSPITAL 403(B) RETIREMENT SAVINGS PLAN,ABINGTON MEMORIAL HOSPITAL,366307311.00,0.00,366307311.00,100.00
20250911180122NAL0000376067001,W.R. BERKLEY CORPORATION PROFIT SHARING PLAN,W.R. BERKLEY CORPORATION,365920928.00,0.00,365920928.00,100.00
20251015125830NAL0006165104001,COCA-COLA SOUTHWEST BEVERAGES 401(K) PLAN,COCA-COLA SOUTHWEST BEVERAGES LLC (CCSWB),365247178.00,0.00,365247178.00,100.00
20250926070723NAL0011521907001,"BLUETRITON BRANDS, INC. 401(K) SAVINGS PLAN",BLUETRITON BRANDS INC,364080108.00,0.00,364080108.00,100.00
20251007210454NAL0004989073001,AON SAVINGS PLAN,AON CORPORATION,362194009.00,0.00,362194009.00,100.00
20251014185916NAL0007188274001,ASPENTECH 401(K) SAVINGS PLAN,ASPENTECH CORPORATION,413542140.00,52563136.00,360979004.00,87.00
20251015103424NAL0002152275001,COZEN OCONNOR PROFIT SHARING PLAN A,COZEN O'CONNOR,360665878.00,0.00,360665878.00,100.00
20250926133749NAL0009453089001,THE MITRE CORPORATION QUALIFIED RETIREMENT PLAN,THE MITRE CORPORATION,1256375012.00,897007190.00,359367822.00,29.00
20260630170346NAL0022347778001,COLLEGE OF THE HOLY CROSS 403(B) DEFINED CONTRIBUTION & GROUP SUPPLEMENTAL RETIREMENT PLAN,TRUSTEES OF THE COLLEGE OF THE HOLY CROSS,359141122.00,0.00,359141122.00,100.00
20251010191741NAL0004474195001,"MATSON, INC. MASTER TRUST","MATSON, INC.",359003620.00,0.00,359003620.00,100.00
20251103121431NAL0007744001001,"RED BULL NORTH AMERICA, INC. RETIREMENT INCOME PLAN","RED BULL NORTH AMERICA, INC.",358516281.00,0.00,358516281.00,100.00
20251014210105NAL0003605745001,"OGLETREE, DEAKINS, NASH, SMOAK & STEWART 401(K) SAVINGS PLAN","OGLETREE, DEAKINS, NASH, SMOAK & STEWART, P.C.",379945350.00,21621103.00,358324247.00,94.00
20260701154242NAL0024229314001,FIRSTSERVICE RESIDENTIAL 401(K) PLAN,"FIRSTSERVICE RESIDENTIAL, INC.",358018638.00,0.00,358018638.00,100.00
20250915133235NAL0000748611001,THE 401K PLAN,"HEALTH CARE SERVICE CORPORATION, A MUTUTAL LEGAL RESERVE CO.",357737209.00,0.00,357737209.00,100.00
20250826133544NAL0004486115001,"ENSIGN SERVICES, INC. 401(K) RETIREMENT SAVINGS PLAN","ENSIGN SERVICES, INC.",356085151.00,0.00,356085151.00,100.00
20251015153516NAL0005296561001,FANATICS 401(K) RETIREMENT PLAN,"FANATICS HOLDINGS, INC.",355383882.00,0.00,355383882.00,100.00
20251013072221NAL0000897105001,STATE EMPLOYEES' CREDIT UNION RETIREMENT SAVINGS PLAN,STATE EMPLOYEES CREDIT UNION,355025370.00,0.00,355025370.00,100.00
20251013150921NAL0003314802001,"PETCO ANIMAL SUPPLIES STORES, INC. 401K PLAN","PETCO ANIMAL SUPPLIES, INC.",354820534.00,0.00,354820534.00,100.00
20251015100439NAL0005897584001,FISHER & PHILLIPS LLP SAVINGS AND PROFIT SHARING PLAN,FISHER & PHILLIPS LLP,354015708.00,0.00,354015708.00,100.00
20251009082920NAL0011056848001,BLESSING CORPORATE SERVICES EMPLOYEES SAVINGS PLAN,BLESSING CORPORATE SERVICES,353371913.00,0.00,353371913.00,100.00
20251015122503NAL0002285555001,JEFFERSON HEALTH NEW JERSEY 403(B) PLAN,KENNEDY HEALTH SYSTEM,385652955.00,33179467.00,352473488.00,91.00
20251014075905NAL0001093891001,EDGEWELL PERSONAL CARE 401(K) PLAN,EDGEWELL PERSONAL CARE COMPANY,351716211.00,0.00,351716211.00,100.00
20251014123713NAL0005857282001,ILLINOIS INDEPENDENT COLLEGES AND UNIVERSITIES MULTIPLE EMPLOYER PLAN,GOVERNING COMMITTEE OF THE ILLINOIS INDEPENDENT COLLEGES AND UNIVERSI,351638672.00,0.00,351638672.00,100.00
20250912091706NAL0000833025001,ENTERPRISE 401(K) PLAN,ENTERPRISE PRODUCTS COMPANY,350957164.00,0.00,350957164.00,100.00
20251015122707NAL0009210354001,ADELPHI UNIVERSITY DEFINED CONTRIBUTION RETIREMENT PLAN,ADELPHI UNIVERSITY,350665637.00,0.00,350665637.00,100.00
20260626161611NAL0009461841001,TELEFLEX 401(K) SAVINGS PLAN,TELEFLEX INCORPORATED,350602752.00,0.00,350602752.00,100.00
20251015160639NAL0002722371001,LOCAL 804 I.B.T. AND LOCAL 447 I.A.M. - UPS MULTI-EMPLOYER RETIREMENT PLAN,BD OF TRUSTEES LOC. 804 & LOC. 447 MULTI-EMPLOYER RET. PLAN,350406229.00,0.00,350406229.00,100.00
20251009103653NAL0011267456001,PERATON CORP. RETIREMENT SAVINGS PLAN,"PERATON, INC.",350084242.00,0.00,350084242.00,100.00
20250818192734NAL0001535137001,KB HOME 401(K) SAVINGS PLAN,KB HOME,349815730.00,0.00,349815730.00,100.00
20260724095853NAL0015200193001,TORAY 401(K) SAVINGS PLAN,"TORAY PLASTICS AMERICA, INC.",348284172.00,0.00,348284172.00,100.00
20250926113436NAL0003986499001,"NOVOLEX HOLDINGS, LLC 401(K) PLAN","NOVOLEX HOLDINGS, LLC",347974297.00,0.00,347974297.00,100.00
20260724152505NAL0012788643001,"NORTH MISSISSIPPI HEALTH SERVICES, INC. EMPLOYER SAVINGS PLAN","NORTH MISSISSIPPI HEALTH SERVICES, INC.",346478570.00,0.00,346478570.00,100.00
20250925110710NAL0007590545002,LAWRENCE & MEMORIAL HOSPITAL 401(K) PLAN,"LAWRENCE & MEMORIAL HOSPITAL, INC.",345945289.00,0.00,345945289.00,100.00
20260715143504NAL0003213633001,GOODWIN PROCTER LLP PARTNERSHIP PROFIT SHARING SAVINGS PLAN,GOODWIN PROCTER LLP,345015951.00,0.00,345015951.00,100.00
20250929161818NAL0005132835001,NELNET 401(K) PLAN,"NELNET, INC.",344215980.00,0.00,344215980.00,100.00
20251015122717NAL0002287331001,SHEET METAL WORKERS LOCAL UNION NO. 28 ANNUITY FUND,BOARD OF TRUSTEES OF SMW LU NO. 28 ANNUITY FUND,343086656.00,0.00,343086656.00,100.00
20260713163201NAL0000469105001,AMERICAN MARITIME OFFICERS DEFINED CONTRIBUTION PLAN,BOARD OF TRUSTEES AMERICAN MARITIME OFFICERS DEFINED CONTRIBUTION PLAN,343003970.00,0.00,343003970.00,100.00
20251013144028NAL0001444737001,BUCHANAN INGERSOLL & ROONEY PC RETIREMENT SAVINGS PLAN,BUCHANAN INGERSOLL & ROONEY PC,342742907.00,0.00,342742907.00,100.00
20260716161558NAL0004667457001,TRIPADVISOR RETIREMENT SAVINGS PLAN,TRIPADVISOR LLC,341872036.00,0.00,341872036.00,100.00
20251005144445NAL0002675377001,ENERGIZER 401(K) PLAN,"ENERGIZER HOLDINGS, INC.",341237697.00,0.00,341237697.00,100.00
20250930125542NAL0019455282001,"IMPERIAL BAG & PAPER CO., LLC EMPLOYEE BENEFIT PLAN","IMPERIAL BAG & PAPER CO., LLC",340990735.00,0.00,340990735.00,100.00
20251015132704NAL0002484851001,COHERENT CORP. 401(K) PROFIT SHARING PLAN,COHERENT CORP.,340950189.00,0.00,340950189.00,100.00
20251014110147NAL0001256851001,SONY USA 401(K) PLAN,SONY CORPORATION OF AMERICA,339307409.00,0.00,339307409.00,100.00
20251001144438NAL0031893042001,"THE ANDERSONS, INC. RETIREMENT SAVINGS INVESTMENT PLAN","THE ANDERSONS, INC.",338987896.00,0.00,338987896.00,100.00
20251015132524NAL0009462242001,JEFFERSON HEALTH NORTHEAST 403(B) PLAN,ARIA HEALTH,397056575.00,58145551.00,338911024.00,85.00
20251014122120NAL0003915984001,TOURO 403(B) PLAN,TOURO UNIVERSITY,337848360.00,0.00,337848360.00,100.00
20250904120553NAL0009719507001,HUSCH BLACKWELL LLP 401(K) MASTER TRUST,HUSCH BLACKWELL LLP,336915348.00,0.00,336915348.00,100.00
20250930124715NAL0013211440001,IDEX CORPORATION SAVINGS PLAN,IDEX CORPORATION,336271477.00,0.00,336271477.00,100.00
20251010131212NAL0004275075001,SAN MATEO COUNTY ELECTRICAL CONSTRUCTION INDUSTRY RETIREMT PLAN,SAN MATEO COUNTY ELECTRICAL CONSTRUCTION INDUSTRY RETIREMT PLAN,336014397.00,0.00,336014397.00,100.00
20260716105441NAL0006068002001,"JUNIPER NETWORKS, INC. 401(K) PLAN","JUNIPER NETWORKS, INC.",335812139.00,0.00,335812139.00,100.00
20260625071246NAL0014479266001,CHEMED/ROTO ROOTER SAVINGS & RETIREMENT PLAN,CHEMED CORPORATION,335255830.00,0.00,335255830.00,100.00
20251010145414NAL0004726451001,COLGATE-PALMOLIVE SAVINGS & INVESTMENT PLANS MASTER TRUST,COLGATE-PALMOLIVE COMPANY,335139538.00,0.00,335139538.00,100.00
20251015093417NAL0005671680001,BARNARD COLLEGE 403(B) PLAN,BARNARD COLLEGE,334305240.00,0.00,334305240.00,100.00
20251010085420NAL0007833585001,"BLUE CROSS AND BLUE SHIELD OF MASSACHUSETTS, INC. EMPLOYEE SAVINGS PLAN","BLUE CROSS BLUE SHIELD OF MASSACHUSETTS, INC.",331930803.00,0.00,331930803.00,100.00
20260409070630NAL0021082322001,"AIRBORN, INC. MASTER TRUST","AIRBORN, INC.",331348694.00,0.00,331348694.00,100.00
20251008150655NAL0005738545001,ENTERGY CORPORATION QUALIFIED PLAN MASTER TRUST,ENTERGY CORPORATION,330746216.00,0.00,330746216.00,100.00
20250926095716NAL0009260817001,"ASCENSUS, LLC 401(K) SAVINGS PLAN","ASCENSUS, LLC",330511925.00,0.00,330511925.00,100.00
20251015113541NAL0009358322001,VSP RETIREMENT PLAN,VISION SERVICE PLAN,330395295.00,0.00,330395295.00,100.00
20250917085522NAL0000341299001,"DE LAGE LANDEN FINANCIAL SERVICES, INC. RETIREMENT SAVINGS PLAN","DE LAGE LANDEN FINANCIAL SERVICES, INC.",330390383.00,0.00,330390383.00,100.00
20260714121017NAL0001850112001,"SRC, INC. 403(B) RETIREMENT PLAN","SRC, INC.",329709187.00,0.00,329709187.00,100.00
20251009112719NAL0006510449001,"GENERAC POWER SYSTEMS, INC. EMPLOYEES 401(K) SAVINGS PLAN","GENERAC POWER SYSTEMS, INC.",329297529.00,0.00,329297529.00,100.00
20251014142530NAL0003012129001,ELEVANCE HEALTH DEFINED CONTRIBUTION MASTER TRUST,"ATH HOLDING COMPANY, LLC",329248156.00,0.00,329248156.00,100.00
20260423070635NAL0002414179001,SAVVAS LEARNING COMPANY LLC RETIREMENT PLAN,SAVVAS LEARNING COMPANY LLC,329081771.00,0.00,329081771.00,100.00
20250926140656NAL0009473249001,SNAP INC. 401(K) RETIREMENT SAVINGS PLAN,SNAP INC.,328908066.00,0.00,328908066.00,100.00
20260721072655NAL0015737090001,GRIFOLS EMPLOYEE RETIREMENT SAVINGS PLAN,"GRIFOLS SHARED SERVICES NORTH AMERICA, INC.",328448014.00,0.00,328448014.00,100.00
20251013172543NAL0001667249005,CLEVELAND-CLIFFS INC. DEFINED CONTRIBUTION PLAN MASTER TRUST,CLEVELAND-CLIFFS INC.,328136976.00,0.00,328136976.00,100.00
20251014150531NAL0006493298001,INDEPENDENT SCHOOL COLLABORATIVE MULTIPLE EMPLOYER PLAN,INDEPENDENT SCHOOL COLLABORATIVE,340863585.00,12908564.00,327955021.00,96.00
20251015153821NAL0005013377001,RETINA CONSULTANTS OF AMERICA 401(K) PLAN,"RETINA GROUP, INC. DBA RETINA CONSULTANTS OF AMERICA",326381935.00,0.00,326381935.00,100.00
20250916153526NAL0001264723001,EXTRON ELECTRONICS 401(K) PLAN,"RGB SYSTEMS, INC. DBA EXTRON ELECTRONICS",326338511.00,0.00,326338511.00,100.00
20260714155753NAL0002191952001,"BEYOND NEW HORIZONS, LLC EMPLOYEES SAVINGS PLAN",BEYOND NEW HORIZONS,325422314.00,0.00,325422314.00,100.00
20260811111954NAL0012264850002,I.B.E.W LOCAL 697 DEFINED CONTRIBUTION PLAN,TRUSTEES OF I.B.E.W LOCAL 697 DEFINED CONTRIBUTION PLAN,324707037.00,0.00,324707037.00,100.00
20251013112029NAL0000529603001,EXELON CORPORATION DCRP MASTER TRUST - PRIMARY,EXELON CORPORATION,322769814.00,0.00,322769814.00,100.00
20250918134717NAL0001485761001,"SUFFOLK CONSTRUCTION COMPANY, INC. 401(K) RETIREMENT PLAN","SUFFOLK CONSTRUCTION COMPANY, INC.",322755460.00,0.00,322755460.00,100.00
20260212120014NAL0000096210002,NECA-IBEW LOCAL 364 DEFINED CONTRIBUTION PLAN,TRUSTEES OF NECA-IBEW LOCAL 364 CONTRIBUTION PENSION TRUST FUND,321711685.00,0.00,321711685.00,100.00
20251002161123NAL0000700945001,WAKEFERN FOOD CORPORATION 401(K) SAVINGS PLAN,WAKEFERN FOOD CORP.,321552269.00,0.00,321552269.00,100.00
20251013201846NAL0000931539001,EDISON CHOUEST OFFSHORE RETIREMENT PLAN,"GALLIANO MARINE SERVICE, L.L.C.",320383368.00,0.00,320383368.00,100.00
20251014093205NAL0001172115001,"MCCAIN FOODS USA, INC. RETIREMENT PLAN",MCCAIN FOODS USA INC,317157173.00,0.00,317157173.00,100.00
20251015115015NAL0002243939001,"MEDIMPACT HEALTHCARE SYSTEMS, INC. 401(K) SALARY SAVINGS PLAN","MEDIMPACT HEALTHCARE SYSTEMS, INC.",317117279.00,0.00,317117279.00,100.00
20250925102757NAL0008411905001,MOORE & VAN ALLEN PLLC 401(K) PROFIT SHARING PLAN,MOORE & VAN ALLEN PLLC,316755061.00,0.00,316755061.00,100.00
20251015130941NAL0002342851001,CLEARY GOTTLIEB STEEN & HAMILTON LLP TAX OPPORTUNITY PLAN FOR SAVINGS TRUST,CLEARY GOTTLIEB STEEN & HAMILTON LLP,316562338.00,0.00,316562338.00,100.00
20250909140130NAL0012629043001,BILL & MELINDA GATES FOUNDATION EMPLOYEE RETIREMENT PLAN,BILL & MELINDA GATES FOUNDATION,330185065.00,15322852.00,314862213.00,95.00
20250916133300NAL0002004977001,PAYCOM 401(K) PLAN,"PAYCOM PAYROLL, LLC",314681360.00,0.00,314681360.00,100.00
20260721160915NAL0011056929001,BASIN ELECTRIC POWER COOPERATIVE 401(K) PLAN,BASIN ELECTRIC POWER COOPERATIVE,314554774.00,0.00,314554774.00,100.00
20251015105655NAL0002285155001,"CAMBRIDGE ASSOCIATES, LLC 401(K) SAVINGS PLAN & TRUST","CAMBRIDGE ASSOCIATES, LLC",313542154.00,0.00,313542154.00,100.00
20251014125220NAL0002954161001,SUPPLEMENTAL INCOME 401(K) PLAN,BOARD OF TRUSTEES OF SUPPLEMENTAL INCOME TRUST FUND,312268686.00,0.00,312268686.00,100.00
20251009105037NAL0006857713001,"THE VANCOUVER CLINIC, INC., P.S. 401(K) RETIREMENT SAVINGS PLAN","THE VANCOUVER CLINIC, INC., PS",312165823.00,0.00,312165823.00,100.00
20251015120928NAL0004802913001,TECHNIPFMC RETIREMENT SAVINGS PLAN,"FMC TECHNOLOGIES, INC.",311389795.00,0.00,311389795.00,100.00
20250908135650NAL0019366993001,ARBELLA 401(K) SAVINGS PLAN,ARBELLA MUTUAL INSURANCE GROUP,310263532.00,0.00,310263532.00,100.00
20251119221948NAL0002433219001,HONEYWELL SAVINGS AND OWNERSHIP PLAN MASTER TRUST,Honeywell International Inc,310159994.00,0.00,310159994.00,100.00
20251017080013NAL0003892163001,SCHAEFFLER GROUP USA SAVINGS RETIREMENT PLAN,SCHAEFFLER GROUP USA INC,309613743.00,0.00,309613743.00,100.00
20251010162603NAL0004789139001,THE WONDERFUL COMPANY LLC 401(K) PLAN,THE WONDERFUL COMPANY,309235683.00,0.00,309235683.00,100.00
20260318134007NAL0003126433001,LENDLEASE 401K PLAN,"LENDLEASE AMERICAS HOLDINGS, INC.",308897186.00,0.00,308897186.00,100.00
20251015081805NAL0002011939001,NAPA MANAGEMENT SERVICES CORPORATION 401(K) PLAN,NAPA MANAGEMENT SERVICES CORP,308869331.00,0.00,308869331.00,100.00
20251014092458NAL0005262482001,CHAPMAN AND CUTLER LLP MASTER TRUST,CHAPMAN AND CUTLER LLP,308201239.00,0.00,308201239.00,100.00
20251014092525NAL0002500369001,ASM GLOBAL RETIREMENT & SAVINGS PLAN,SMG,307376666.00,0.00,307376666.00,100.00
20251007091904NAL0002538115001,ELLUCIAN RETIREMENT PLAN,ELLUCIAN HOLDINGS INC.,307151154.00,0.00,307151154.00,100.00
20251006160227NAL0003773201001,"SCHWEITZER ENGINEERING LABORATORIES, INC. 401(K) PLAN","SCHWEITZER ENGINEERING LABORATORIES ,INC.",305887256.00,0.00,305887256.00,100.00
20250819144412NAL0002298337001,TWIN CITY IRONWORKERS DEFINED CONTRIBUTION FUND,BOARD OF TRUSTEES OF THE TWIN CITY IRONWORKERS DC PENSION FUND,365045161.00,59275286.00,305769875.00,84.00
20251011050422NAL0008348801001,"SPIRIT AEROSYSTEMS HOLDINGS, INC. RETIREMENT & SAVINGS PLAN","SPIRIT AEROSYSTEMS HOLDINGS, INC.",305454066.00,0.00,305454066.00,100.00
20250908112624NAL0019377233003,WESTERN WISCONSIN ELECTRICAL WORKERS RETIREMENT PLAN,IBEW LOCAL UNION 14,304956380.00,0.00,304956380.00,100.00
20251008135543NAL0005652289001,CARLETON COLLEGE DEFINED CONTRIBUTION PLAN,CARLETON COLLEGE,304824233.00,0.00,304824233.00,100.00
20251113102914NAL0002050000001,THE HARBIN CLINIC PROFIT SHARING PLAN,"THE HARBIN CLINIC, L.L.C.",304669933.00,0.00,304669933.00,100.00
20260720124957NAL0009552241001,"WALKER & DUNLOP, LLC RETIREMENT SAVINGS PLAN",WALKER & DUNLOP LLC,304295605.00,0.00,304295605.00,100.00
20251013112008NAL0000529347001,NAS PRIMARY RETIREMENT PLAN,NATIONAL ACADEMY OF SCIENCES,304139220.00,0.00,304139220.00,100.00
20250929130844NAL0026823794003,HERITAGE GROUP RETIREMENT SAVINGS PLAN,"ASPHALT MATERIALS, INC.",303654323.00,0.00,303654323.00,100.00
20250926080559NAL0011560883001,"OPENLANE, INC. 401(K) PLAN","OPENLANE, INC.",303064598.00,0.00,303064598.00,100.00
20251015102345NAL0005787168001,HINSHAW & CULBERTSON LLP RETIREMENT SAVINGS AND 401(K) PLAN,HINSHAW & CULBERTSON LLP,301830356.00,0.00,301830356.00,100.00
20260724122551NAL0022173442001,ING FINANCIAL SERVICES LLC 401(K) SAVINGS PLAN,ING FINANCIAL SERVICES LLC,301236146.00,0.00,301236146.00,100.00
20260709102831NAL0000424768001,AGILITI 401(K),"AGILITI HEALTH, INC.",300917934.00,0.00,300917934.00,100.00
20251010154054NAL0004382531001,THOMPSON COBURN LLP 401(K) PROFIT SHARING PLAN,THOMPSON COBURN LLP,298449592.00,0.00,298449592.00,100.00
20250916091643NAL0004704594001,COLORADO COLLEGE RETIREMENT BENEFIT PLAN,COLORADO COLLEGE,298344370.00,0.00,298344370.00,100.00
20251008153749NAL0006078433001,SUMITOMO MITSUI BANKING CORPORATION 401(K) PLAN,SUMITOMO MITSUI BANKING CORPORATION,296840792.00,0.00,296840792.00,100.00
20260708120330NAL0016312355001,PREMCOR RETIREMENT SAVINGS PLAN,VALERO ENERGY CORPORATION,296831730.00,0.00,296831730.00,100.00
20251015145338NAL0004895745001,FREDERICK HEALTH 403(B) PLAN,"FREDERICK HEALTH, INC.",296161002.00,0.00,296161002.00,100.00
20251013174755NAL0001692593001,POMONA COLLEGE ACADEMIC RETIREMENT PLAN,POMONA COLLEGE,295880073.00,0.00,295880073.00,100.00
20260206130625NAL0006705984001,"IMA FINANCIAL GROUP, INC. 401(K) PROFIT SHARING PLAN AND TRUST","IMA FINANCIAL GROUP, INC.",295759691.00,0.00,295759691.00,100.00
20260702122102NAL0017838144001,GSK 401(K) PLAN,GLAXOSMITHKLINE LLC,295743313.00,0.00,295743313.00,100.00
20251022154033NAL0002756544002,CHEVRON PHILLIPS CHEMICAL COMPANY LP 401(K) SAVINGS AND PROFIT SHARING PLAN,CHEVRON PHILLIPS CHEMICAL COMPANY LP,294990451.00,0.00,294990451.00,100.00
20251014152609NAL0001613091001,FREUDENBERG COMPANIES 401(K) RETIREMENT PLAN,FREUDENBERG NORTH AMERICA LIMITED PARTNERSHIP,293253825.00,0.00,293253825.00,100.00
20251014194717NAL0007293634001,FUJIFILM LONG TERM SAVINGS PLAN,FUJIFILM NORTH AMERICA CORPORATION,293245156.00,0.00,293245156.00,100.00
20260710135622NAL0001453057001,THERMO FISHER SCIENTIFIC INC. 401(K) RETIREMENT PLAN,THERMO FISHER SCIENTIFIC INC.,291505031.00,0.00,291505031.00,100.00
20250924133337NAL0017197714001,RANDOLPH-BROOKS FEDERAL CREDIT UNION 401(K) PLAN,RANDOLPH-BROOKS FEDERAL CREDIT UNION,290441077.00,0.00,290441077.00,100.00
20260625133422NAL0010866528001,"ENBRIDGE EMPLOYEE SERVICES, INC. EMPLOYEES' SAVINGS PLAN","ENBRIDGE EMPLOYEE SERVICES, INC.",290217000.00,0.00,290217000.00,100.00
20251014085527NAL0001142211001,SKANSKA RETIREMENT PLAN PLUS,SKANSKA USA INC.,290114297.00,0.00,290114297.00,100.00
20260625123744NAL0007393635001,"CONSIGLI CONSTRUCTION CO., INC. PROFIT SHARING/401(K) PLAN AND TRUST","CONSIGLI CONSTRUCTION CO., INC.",289296832.00,0.00,289296832.00,100.00
20260626074255NAL0008178883001,AUTO-OWNERS INSURANCE COMPANY RETIREMENT SAVINGS PLAN,AUTO-OWNERS INSURANCE COMPANY,289032200.00,0.00,289032200.00,100.00
20251014072759NAL0004948082001,NORTH AMERICAN STAINLESS SAVINGS PLAN,NORTH AMERICAN STAINLESS,288021535.00,808.00,288020727.00,100.00
20251008154009NAL0006081809001,ISO NEW ENGLAND INC. SUPPLEMENTAL RETIREMENT AND SAVINGS PLAN,ISO NEW ENGLAND INC.,287320938.00,0.00,287320938.00,100.00
20251014124647NAL0005891474001,RESEARCH FOUNDATION OF THE CITY UNIVERSITY OF NEW YORK DEFINED CONTRIBUTION RETIREMENT PLAN,RESEARCH FOUNDATION OF CUNY EMPLOYEE BENEFITS COMMITTEE,643862229.00,356997915.00,286864314.00,45.00
20251006105703NAL0005900448001,SCRIPPS HEALTH RETIREMENT SAVINGS PLAN,SCRIPPS HEALTH,286182503.00,0.00,286182503.00,100.00
20251015091610NAL0004426497001,CLARK UNIVERSITY RETIREMENT PLAN,TRUSTEES OF CLARK UNIVERSITY,286110740.00,0.00,286110740.00,100.00
20251014090039NAL0005147170001,EMPLOYERS MUTUAL CASUALTY COMPANY 401(K) SAVINGS PLAN,EMPLOYERS MUTUAL CASUALTY COMPANY,285657202.00,0.00,285657202.00,100.00
20250930180301NAL0013547008001,TRIAD DEFINED CONTRIBUTION PLANS MASTER TRUST,"TRIAD NATIONAL SECURITY, LLC",285496667.00,0.00,285496667.00,100.00
20251014143756NAL0003039665001,HEMLOCK SEMICONDUCTOR OPERATIONS LLC EMPLOYEES' CAPITAL ACCUMULATION PLAN,HEMLOCK SEMICONDUCTOR OPERATIONS LLC,285459504.00,0.00,285459504.00,100.00
20250916083859NAL0002792928001,"LANDS' END, INC. RETIREMENT PLAN","LANDS END, INC.",284413164.00,0.00,284413164.00,100.00
20251014112838NAL0003797216001,SALLIE MAE 401(K) SAVINGS PLAN,SLM CORPORATION,284149826.00,0.00,284149826.00,100.00
20251013112037NAL0000529731001,NAS SALARY REDUCTION CONTRIBUTION RETIREMENT PLAN,NATIONAL ACADEMY OF SCIENCES,283344294.00,0.00,283344294.00,100.00
20260114154328NAL0006429139001,SALAS O'BRIEN RETIREMENT PLAN,"SALAS O'BRIEN, INC.",283337737.00,0.00,283337737.00,100.00
20260527151938NAL0006720785001,"UNITED MUSCULOSKELETAL PARTNERS, LLC 401(K) PLAN",UNITED MUSCULOSKELETAL PARTNERS LLC,283161810.00,0.00,283161810.00,100.00
20251014085556NAL0001142227001,GFL ENVIRONMENTAL US 401(K) PLAN,"GFL ENVIRONMENTAL HOLDINGS (US), INC.",283147050.00,0.00,283147050.00,100.00
20250814070054NAL0021610322001,"APTARGROUP, INC. PROFIT SHARING AND SAVINGS PLAN","APTARGROUP, INC.",283040013.00,0.00,283040013.00,100.00
20251015172648NAL0010832434011,"GREEN BAY PACKAGING, INC. SAVINGS AND PROTECTION PLAN","GREEN BAY PACKAGING, INC.",282846206.00,0.00,282846206.00,100.00
20260714121334NAL0001043587001,"SRC, INC. QUALIFIED RETIREMENT PLAN","SRC, INC.",282705093.00,0.00,282705093.00,100.00
20250717131458NAL0000349777001,ELLWOOD 401(K) RETIREMENT PLAN,ELLWOOD CITY FORGE,282505173.00,0.00,282505173.00,100.00
20251014093100NAL0001170819001,UNIVERSITY HEALTH 403(B) PLAN,TRUMAN MEDICAL CENTER INCORPORATED,282491368.00,0.00,282491368.00,100.00
20251010123318NAL0013120160001,WASTE MANAGEMENT RETIREMENT SAVINGS PLAN,"WASTE MANAGEMENT, INC.",282199040.00,0.00,282199040.00,100.00
20251014112036NAL0005660802001,ENVOY AIR INC. 401(K) PLAN,ENVOY AIR INC.,280535844.00,0.00,280535844.00,100.00
20251014091706NAL0001161779001,BSA MATCH SAVINGS PLAN,BOY SCOUTS OF AMERICA,279447151.00,0.00,279447151.00,100.00
20260709122526NAL0000237603001,ECOVYST 401(K) SAVINGS PLAN,"ECOVYST CATALYST TECHNOLOGIES, LLC",279221771.00,0.00,279221771.00,100.00
20260713121041NAL0000152017001,ALLSPRING 401(K) PLAN,ALLSPRING BUYER LLC,279034769.00,0.00,279034769.00,100.00
20251007092503NAL0002542819001,BIMBO BAKERIES USA DEFINED CONTRIBUTION SAVINGS PLAN MASTER TRUST,"BBU, INC.",277792661.00,0.00,277792661.00,100.00
20250930104516NAL0029115250001,ZHI 401(K) RETIREMENT SAVINGS PLAN,"ZACHRY HOLDINGS, INC.",277776267.00,0.00,277776267.00,100.00
20250929150201NAL0005101107002,"REFRIGERATION, A/C & SERVICE DIV. (UA-NJ) ANNUITY PLAN","REFRIGERATION, A/C & SERVICE DIV. (UA-NJ) ANNUITY FUND",275638827.00,0.00,275638827.00,100.00
20250917144501NAL0000605169001,"FARMERS GROUP, INC. 401(K) SAVINGS PLAN","FARMERS GROUP, INC.",275505025.00,0.00,275505025.00,100.00
20250730100214NAL0001822083001,COLLEGE OF AMERICAN PATHOLOGISTS EMPLOYEE'S RETIREMENT AND 401(K) PLAN,COLLEGE OF AMERICAN PATHOLOGISTS,275498182.00,0.00,275498182.00,100.00
20251003134436NAL0001471633001,"DIRECT SUPPLY, INC. 401(K) RETIREMENT SAVINGS PLAN",DIRECT SUPPLY INC,275328661.00,0.00,275328661.00,100.00
20260615154850NAL0000174497002,PLUMBERS UNION LOCAL NO 12 ANNUITY PLAN,PLUMBERS UNION LOCAL NO. 12 ANNUIT,275150886.00,0.00,275150886.00,100.00
20251014083035NAL0005069042001,XYLEM INC. RETIREMENT SAVINGS MASTER TRUST,"XYLEM, INC.",275065112.00,0.00,275065112.00,100.00
20251007085315NAL0004522385001,WALGREENS RETIREMENT SAVINGS MASTER TRUST,WALGREEN CO.,273813851.00,0.00,273813851.00,100.00
20250819154108NAL0002350657001,KOHLBERG KRAVIS ROBERTS AND CO. 401(K) PROFIT SHARING PLAN,KOHLBERG KRAVIS ROBERTS & CO. L.P.,272898032.00,0.00,272898032.00,100.00
20260625074404NAL0007129971001,FIRST MERCHANTS CORPORATION RETIREMENT INCOME AND SAVINGS PLAN,FIRST MERCHANTS CORPORATION,272572806.00,0.00,272572806.00,100.00
20251006100928NAL0001775859001,TAYLOR MORRISON 401(K) SAVINGS PLAN,"TAYLOR MORRISON, INC.",272505230.00,0.00,272505230.00,100.00
20260115105853NAL0032240578004,SHEET METAL WORKERS LOCAL 17 ANNUITY INCOME FUND,SHEET METAL WORKERS LOCAL NO. 17 ANNUITY INCOME FUND,272501491.00,0.00,272501491.00,100.00
20251009135125NAL0011067280001,"SELECT REHABILITATION, LLC 401(K) PLAN AND TRUST","SELECT REHABILITATION, LLC",272460763.00,0.00,272460763.00,100.00
20260723140909NAL0011328163001,ULTRA ELECTRONICS INC. 401(K) PLAN,"ULTRA ELECTRONICS, INC.",271738018.00,0.00,271738018.00,100.00
20260706131406NAL0015584291001,CATHOLIC MEDICAL CENTER 403(B) TAX-SHELTERED ANNUITY RETIREMENT PLAN,CATHOLIC MEDICAL CENTER,271604654.00,0.00,271604654.00,100.00
20251013132810NAL0001400497001,GENERAL DYNAMICS CORPORATION 401(K) PLAN MASTER TRUST AGREEMENT,GENERAL DYNAMICS CORPORATION,271395784.00,0.00,271395784.00,100.00
20250930154556NAL0013461200001,LLNS DEFINED CONTRIBUTION PLANS MASTER TRUST,LAWRENCE LIVERMORE NATIONAL SECURITY LLC,271253781.00,0.00,271253781.00,100.00
20260707143719NAL0032655330001,BRYANT UNIVERSITY 403(B) RETIREMENT PLAN,BRYANT UNIVERSITY,270552291.00,0.00,270552291.00,100.00
20251015115805NAL0002252947001,"FAURECIA USA HOLDINGS, INC. RETIREMENT SAVINGS","FAURECIA USA HOLDINGS, INC.",269426639.00,0.00,269426639.00,100.00
20250821140037NAL0002115571001,ITS USA RETIREMENT SAVINGS PLAN,"TESTING HOLDINGS USA, INC.",269356582.00,0.00,269356582.00,100.00
20250904112055NAL0010000163001,MURPHY USA INC. SAVINGS PLAN,MURPHY USA INC.,269084167.00,0.00,269084167.00,100.00
20251002131751NAL0000324099001,"NABORS INDUSTRIES, INC. RETIREMENT SAVINGS PLAN","NABORS INDUSTRIES, INC. AND SUBSIDIARIES",268904592.00,0.00,268904592.00,100.00
20251010144947NAL0018876274001,"GYPSUM MANAGEMENT AND SUPPLY, INC. 401(K) SAVINGS PLAN",GYPSUM MANAGEMENT AND SUPPLY INC,268245128.00,0.00,268245128.00,100.00
20250814131534NAL0022132162001,"ASTEC INDUSTRIES, INC. 401(K) RETIREMENT PLAN","ASTEC INDUSTRIES, INC.",268032204.00,0.00,268032204.00,100.00
20260707092731NAL0024572624001,RALLIANT RETIREMENT SAVINGS PLAN,,267864589.00,0.00,267864589.00,100.00
20251007162728NAL0004851137001,ZURN ELKAY 401(K) MASTER TRUST PLAN,ZURN LLC,267733889.00,0.00,267733889.00,100.00
20250919100201NAL0002355057001,IBEW LOCAL 351 SURETY PLAN,IBEW LOCAL 351 SURETY FUND TRUSTEES,267260178.00,0.00,267260178.00,100.00
20251014125812NAL0004022304001,ALDI INC. RETIREMENT SAVINGS PLAN,ALDI INC.,267208117.00,0.00,267208117.00,100.00
20251015092505NAL0004444449001,BOARD OF ELECTRICAL WORKERS LOCAL #26 I.A. INDIVIDUAL ACCOUNT PLAN,BD OF TRUSTEES FOR ELECTRICAL WKRS LOC NO. 26 INDIVIDUAL ACCOUNT FUND,267041351.00,0.00,267041351.00,100.00
20260226141955NAL0007391907001,NATIONAL HOCKEY LEAGUE PLAYERS PENSION PLAN,BOARD OF TRUSTEES OF THE NHL PLAYERS PENSION PLAN,266772142.00,0.00,266772142.00,100.00
20250904103559NAL0027229104001,"ZIFF DAVIS, INC. RETIREMENT SAVINGS PLAN","ZIFF DAVIS, INC.",266523280.00,0.00,266523280.00,100.00
20260713101212NAL0000028675001,"CETERA FINANCIAL GROUP, INC. 401(K) SAVINGS PLAN","CETERA FINANCIAL GROUP, INC.",266442698.00,0.00,266442698.00,100.00
20260212095133NAL0000039216001,MIDWEST RADIOLOGY P.A. PROFIT SHARING PLAN,"MIDWEST RADIOLOGY, P.A.",266438350.00,0.00,266438350.00,100.00
20251010160744NAL0004778579001,"D.R. HORTON, INC. PROFIT SHARING PLUS PLAN","DR HORTON, INC",266145513.00,0.00,266145513.00,100.00
20250915161712NAL0002101696001,CORVEL INCENTIVE SAVINGS PLAN,CORVEL HEALTHCARE CORPORATION,265137849.00,0.00,265137849.00,100.00
20251002171436NAL0001774450001,AXIENT 401(K) PLAN,"AXIENT, LLC",301626956.00,36568910.00,265058046.00,88.00
20251013130852NAL0001292513001,DOYLESTOWN HOSPITAL 403(B) RETIREMENT SAVINGS PLAN,DOYLESTOWN HOSPITAL,264147143.00,0.00,264147143.00,100.00
20251010092346NAL0012219056001,ST. JUDE HERITAGE MEDICAL GROUP 401(K) PROFIT SHARING PLAN,"ST. JUDE HERITAGE MEDICAL GROUP, A MEDICAL CORPORATION",263633020.00,0.00,263633020.00,100.00
20260724125937NAL0018258080001,SYMETRA FINANCIAL RETIREMENT SAVINGS PLAN,SYMETRA LIFE INSURANCE COMPANY,263053452.00,0.00,263053452.00,100.00
20260721131952NAL0008794819001,CAMBRIDGE HEALTH ALLIANCE PHYSICIANS ORGANIZATION 403B PLAN,"CAMBRIDGE HEALTH ALLIANCE PHYSICIANS ORGANIZATION, INC.",262675548.00,0.00,262675548.00,100.00
20250612154853NAL0049246114001,CRANE SAVINGS AND INVESTMENT PLAN,CRANE COMPANY,262372471.00,0.00,262372471.00,100.00
20251222135300NAL0005087843001,NOURYON CHEMICALS RETIREMENT SAVINGS PLAN AND NOURYON CHEMICALS HOURLY SAVINGS PLAN MASTER TRUST,NOURYON CHEMICALS LLC,262276593.00,0.00,262276593.00,100.00
20251002095613NAL0000299457001,CROSSCOUNTRY MORTGAGE 401(K) RETIREMENT SAVINGS PLAN,"CROSSCOUNTRY MORTGAGE, LLC",262088958.00,0.00,262088958.00,100.00
20251013123236NAL0002808658001,"TKC HOLDINGS, INC. RETIREMENT PLAN","TKC HOLDINGS, INC.",261757123.00,0.00,261757123.00,100.00
20260630215738NAL0016170384001,WARNER BROS. DISCOVERY DEFINED CONTRIBUTION MASTER TRUST,"WARNER BROS. DISCOVERY, INC.",261487529.00,0.00,261487529.00,100.00
20251015060139NAL0001924163004,THE IOWA CLINIC 401(K) PROFIT SHARING PLAN,"THE IOWA CLINIC, P.C.",260490223.00,0.00,260490223.00,100.00
20250910100010NAL0034910320001,"ENSCO, INC. RETIREMENT PLAN","ENSCO, INC.",260321475.00,0.00,260321475.00,100.00
20250922133318NAL0005296289001,"NATIONAL HERITAGE ACADEMIES, INC. RETIREMENT SAVINGS PLAN","NATIONAL HERITAGE ACADEMIES, INC.",299586469.00,39327413.00,260259056.00,87.00
20251015115510NAL0004463409001,JEFFERSON UNIVERSITY PHYSICIANS VOLUNTARY 403(B) TDA PLAN,JEFFERSON UNIVERSITY PHYSICIANS,259982003.00,0.00,259982003.00,100.00
20260709133915NAL0000411555001,"FAREWAY STORES, INC. 401(K) PROFIT SHARING PLAN","FAREWAY STORES, INC.",259948481.00,0.00,259948481.00,100.00
20251007143455NAL0008122768001,"PRO MACH, INC. RETIREMENT SAVINGS PLAN","PRO MACH, INC.",259567444.00,0.00,259567444.00,100.00
20251015100611NAL0005900528001,VEOLIA WATER RESOURCES 401(K) SAVINGS PLAN,VEOLIA UTILITY RESOURCES LLC,259127194.00,0.00,259127194.00,100.00
20251020085544NAL0000417907001,LOCALS 302 & 612 OF THE IUOE - EMPLOYERS CONSTRUCTION INDUSTRY RETIREMENT PLAN,"BOARD OF TRUSTEES, LOCALS 302 & 612 OF THE IUOE -",259051939.00,0.00,259051939.00,100.00
20251013075627NAL0000358259001,"THE BOSTON CONSULTING GROUP, INC. EMPLOYEES' SAVINGS PLAN AND PROFIT SHARING RETIREMENT FUND",THE BOSTON CONSULTING GROUP INC,258586204.00,0.00,258586204.00,100.00
20251007152859NAL0002789779001,ITW DEFINED CONTRIBUTION PLANS' INVESTMENT ACCOUNT,ILLINOIS TOOL WORKS INC.,258504138.00,0.00,258504138.00,100.00
20251014111034NAL0003748384001,"MACQUARIE MANAGEMENT HOLDINGS, INC. EMPLOYEES' SAVINGS AND 401(K) PLAN","MACQUARIE MANAGEMENT HOLDINGS, INC.",257870326.00,0.00,257870326.00,100.00
20251014150759NAL0006503282001,TUFTS UNIVERSITY VOLUNTARY RETIREMENT PLAN,TUFTS UNIVERSITY,773737758.00,516225161.00,257512597.00,33.00
20260626071914NAL0007841059001,FMC CORPORATION SAVINGS AND INVESTMENT PLAN,FMC CORPORATION,257032987.00,0.00,257032987.00,100.00
20251002070309NAL0000233984001,JOHNSON BROTHERS 401(K) PLAN,JOHNSON BROTHERS LIQUOR COMPANY,256338315.00,0.00,256338315.00,100.00
20260715132258NAL0003022657001,STV RETIREMENT PLAN,"STV GROUP, INCORPORATED",256203833.00,0.00,256203833.00,100.00
20250730163653NAL0002083891001,THE SCRIPPS RESEARCH INSTITUTE TAX SHELTERED ANNUITY PLAN,THE SCRIPPS RESEARCH INSTITUTE,256053159.00,0.00,256053159.00,100.00
20251015103457NAL0002252547003,"LIQUOR AND ALLIED WORKERS UNION LOCAL NO. 3, EMP","TRUSTEES OF LIQUOR AND ALLIED WKRS UNION, LOCAL 3 EMP DEFERRED COMP",256016043.00,0.00,256016043.00,100.00
20251015102624NAL0002240291001,NOURYON CHEMICALS RETIREMENT SAVINGS PLAN AND NOURYON CHEMICALS HOURLY SAVINGS PLAN MASTER TRUST,NOURYON CHEMICALS LLC,262276593.00,6634938.00,255641655.00,97.00
20251014104258NAL0001251491001,AVANGRID 401(K) PLAN,"AVANGRID MANAGEMENT COMPANY, LLC",255553473.00,0.00,255553473.00,100.00
20251015190200NAL0007121856002,LOCAL 52 401 (K) FUND,BOARD OF TRUSTEES OF LOCAL 52,255346760.00,0.00,255346760.00,100.00
20251008073242NAL0005220049001,KLOECKNER METALS 401(K) PLAN,KLOECKNER METALS CORPORATION,253731791.00,0.00,253731791.00,100.00
20260714133807NAL0001617457001,"TELAPEX, INC. SAVINGS PLAN","TELAPEX, INC.",253672690.00,0.00,253672690.00,100.00
20251006075430NAL0003325729001,THE DTE ENERGY COMPANY MASTER PLAN TRUST,DTE ENERGY COMPANY,253657962.00,0.00,253657962.00,100.00
20260722090353NAL0018181570001,THE GEO SAVE 401(K) PLAN,"THE GEO GROUP, INC.",253639213.00,0.00,253639213.00,100.00
20251010132456NAL0004650931001,THE 401(K) RETIREMENT PLAN OF HEIDELBERG MATERIALS US,"HM US SERVICES, LLC",253622427.00,0.00,253622427.00,100.00
20251008150935NAL0003100595001,"THE BOOKING HOLDINGS INC, 401(K) PLAN",BOOKING HOLDINGS INC,253424087.00,0.00,253424087.00,100.00
20251014131714NAL0006018802001,SIKA CORPORATION 401(K) SAVINGS PLAN,SIKA CORPORATION,252526593.00,0.00,252526593.00,100.00
20251007092932NAL0004378513001,"SWBG, LLC 401(K) PLAN","SWBG, LLC",252416140.00,0.00,252416140.00,100.00
20251008102439NAL0002917955001,SOUTHERN NEW HAMPSHIRE UNIVERSITY 401K,SOUTHERN NEW HAMPSHIRE UNIVERSITY,251752316.00,0.00,251752316.00,100.00
20251015083307NAL0002109907001,CLARK ASSOCIATES MULTIPLE EMPLOYER 401(K) PLAN,"CLARK CORE SERVICES, LLC",251701645.00,0.00,251701645.00,100.00
20251009112642NAL0006909985001,THE EMPLOYEE 401(K) RETIREMENT PLAN,CONTRAN CORPORATION,251315730.00,0.00,251315730.00,100.00
20251015151708NAL0002653939001,"ELECTROLUX HOME PRODUCTS, INC. RETIREMENT SAVINGS PLAN","ELECTROLUX HOME PRODUCTS, INC.",251053192.00,0.00,251053192.00,100.00
20251015220106NAL0003036867001,"DILLARD'S, INC. INVESTMENT & EMPLOYEE STOCK OWNERSHIP PLAN","DILLARD'S, INC.",250803377.00,0.00,250803377.00,100.00
20250903144712NAL0009469811001,BERKADIA 401(K) RETIREMENT PLAN,BERKADIA COMMERCIAL MORTGAGE LLC,250628739.00,0.00,250628739.00,100.00
20260311155433NAL0005772192001,THE WGBH EDUCATIONAL FOUNDATION RETIREMENT PLAN,WGBH EDUCATIONAL FOUNDATION,294456750.00,44875245.00,249581505.00,85.00
20250905132414NAL0017230977001,CORE & MAIN 401(K) RETIREMENT PLAN,CORE & MAIN,249524579.00,0.00,249524579.00,100.00
20251015105028NAL0002275363002,AMERICAN INSTITUTES FOR RESEARCH TAX DEFERRED ANNUITY PLAN,AMERICAN INSTITUTES FOR RESEARCH IN THE BEHAVIORAL SCIENCES,272352258.00,22867853.00,249484405.00,92.00
20251007153158NAL0002578931001,ICI MULTIPLE EMPLOYER PLAN,"INDEPENDENT COLLEGES OF INDIANA ASSOCIATION, INC",354821173.00,106075241.00,248745932.00,70.00
20251014133129NAL0001424659002,MEBA 401(K) PLAN,"BOARD OF TRUSTEES, MEBA PENSION TRUST-MONEY PURCHASE BENEFIT",307540835.00,58944575.00,248596260.00,81.00
20251001094038NAL0014025456001,CHAMPIONX 401(K) PLAN,CHAMPIONX LLC,248407964.00,0.00,248407964.00,100.00
20250908121416NAL0019428449001,SEATTLE CHILDREN'S 403(B) PLAN,SEATTLE CHILDRENS HEALTHCARE SYSTEM,248329911.00,0.00,248329911.00,100.00
20251013141836NAL0003164194001,UNITED AIRLINES 401(K) MASTER TRUST,"UNITED AIRLINES, INC.",248266652.00,0.00,248266652.00,100.00
20260714192709NAL0002819778001,MASIMO RETIREMENT SAVINGS PLAN,MASIMO CORPORATION,247955024.00,0.00,247955024.00,100.00
20260113100832NAL0015700496001,WINCO FOODS 401(K) PLAN,"WINCO HOLDINGS, INC.",283184679.00,35277000.00,247907679.00,88.00
20251007124041NAL0004773009001,WARNER NORCROSS + JUDD LLP RETIREMENT PROGRAM TRUST,WARNER NORCROSS + JUDD LLP,247845354.00,0.00,247845354.00,100.00
20251014144429NAL0006393010001,SIMMONS FIRST NATIONAL CORPORATION 401(K) PLAN,SIMMONS FIRST NATIONAL CORPORATION,247618199.00,0.00,247618199.00,100.00
20260708143803NAL0017273715001,TELEDYNE TECHNOLOGIES INCORPORATED 401(K) PLAN,TELEDYNE TECHNOLOGIES INCORPORATED,246851907.00,0.00,246851907.00,100.00
20251011130208NAL0008529089001,HALMA HOLDINGS INC. PROFIT SHARING/SAVINGS RETIREMENT PLAN,HALMA HOLDINGS INC.,246761148.00,0.00,246761148.00,100.00
20260310082453NAL0003767779001,"EUROFINS SCIENTIFIC, INC. 401(K) INCENTIVE SAVINGS PLAN","EUROFINS NSC US, INC.",246269719.00,0.00,246269719.00,100.00
20251007090543NAL0002328755001,INDIANA FARM BUREAU COMPANIES EMPLOYEES' 401(K) SAVINGS PLAN,UNITED FARM FAMILY LIFE INSURANCE COMPANY,259483490.00,13802408.00,245681082.00,95.00
20251015190517NAL0011134258001,"WEIR GROUP, INC. 401(K) PLAN","WEIR GROUP, INC.",245517065.00,0.00,245517065.00,100.00
20260723161135NAL0021278002001,MAYO CLINIC HEALTH SYSTEM 401(A) PLAN,MAYO CLINIC HEALTH SYSTEM - MANKATO,245211956.00,0.00,245211956.00,100.00
20250929113007NAL0010823953001,"WOODGRAIN MILLWORK, INC. EMPLOYEE SAVINGS PLAN AND TRUST",WOODGRAIN INC.,245267254.00,237693.00,245029561.00,100.00
20250916070849NAL0001747473001,MEDPACE INC 401(K) PROFIT SHARING PLAN AND TRUST,"MEDPACE, INC",244944104.00,0.00,244944104.00,100.00
20251006085635NAL0006079760001,OLMSTED MEDICAL CENTER RETIREMENT SAVINGS PLAN,OLMSTED MEDICAL CENTER,276770161.00,31866041.00,244904120.00,88.00
20251014160232NAL0003349617001,SPECTRUM BRANDS 401(K) RETIREMENT SAVINGS PLAN,"SPECTRUM BRANDS, INC.",244640594.00,0.00,244640594.00,100.00
20251015140811NAL0006363360001,"WAWA, INC. 401(K) PLAN","WAWA, INC.",244437405.00,0.00,244437405.00,100.00
20251010160133NAL0004395203001,"HAWAIIAN AIRLINES, INC. 401(K) SAVINGS PLAN",HAWAIIAN AIRLINES INC.,244404965.00,0.00,244404965.00,100.00
20260727155959NAL0015417491001,"NOBLIS, INC. QUALIFIED RETIREMENT PLAN","NOBLIS, INC.",243127819.00,0.00,243127819.00,100.00
20251015150255NAL0002627475001,JETBLUE AIRWAYS RETIREMENT PLAN,JETBLUE AIRWAYS CORPORATION,242956451.00,0.00,242956451.00,100.00
20251014094446NAL0003562144001,MERCURY EMPLOYEES RETIREMENT INVESTMENT TRUST,"MERCURY SYSTEMS, INC.",422417723.00,179907613.00,242510110.00,57.00
20251009141550NAL0003647315001,XPO LOGISTICS INC. MASTER TRUST,"XPO LOGISTICS, INC.",242222774.00,0.00,242222774.00,100.00
20251007145619NAL0004934753001,AKERMAN LLP 401(K) PROFIT SHARING PLAN,AKERMAN LLP,242028452.00,0.00,242028452.00,100.00
20251015120637NAL0004796241001,"AMERICAN LEBANESE SYRIAN ASSOCIATED CHARITIES, INC. (ALSAC) EMPLOYEE",AMERICAN LEBANESE SYRIAN ASSOCIATED CHARITIES INC.,266549282.00,24756320.00,241792962.00,91.00
20251015141125NAL0009651186001,OMNISSA 401(K) PLAN,"OMNISSA, LLC",241712988.00,0.00,241712988.00,100.00
20250918102640NAL0001227233003,WISCONSIN NECA-IBEW RETIREMENT PLAN,TRUSTEES OF WISCONSIN NECA-IBEW,241159377.00,0.00,241159377.00,100.00
20251015134451NAL0002511763001,FLSMIDTH 401(K) PLAN TRUST,FLSMIDTH INC.,240679973.00,0.00,240679973.00,100.00
20251014103630NAL0002645233001,AVEVA INC. 401(K) PLAN,AVEVA INC.,240558237.00,0.00,240558237.00,100.00
20251008164320NAL0006148001001,AT&T SAVINGS GROUP INVESTMENT TRUST,AT&T INC.,240108000.00,0.00,240108000.00,100.00
20251013123139NAL0001306721001,STOEL RIVES RETIREMENT PLAN,"STOEL RIVES, LLP",239868044.00,0.00,239868044.00,100.00
20250829153630NAL0019436912001,"LIVERAMP HOLDINGS, INC. RETIREMENT SAVINGS PLAN",LIVERAMP HOLDINGS INC.,238908653.00,0.00,238908653.00,100.00
20250730134932NAL0004823681001,AVI-SPL 401(K) PLAN,AVI-SPL LLC,238719644.00,0.00,238719644.00,100.00
20251015160407NAL0005072353001,"ACUITY BRANDS, INC. DC MASTER TRUST","ACUITY BRANDS, INC",238564816.00,0.00,238564816.00,100.00
20260723144523NAL0016677856001,SIGNATURE HEALTHCARE RETIREMENT SAVINGS PLAN,"BROCKTON HOSPITAL, INC.",238534508.00,0.00,238534508.00,100.00
20251010102358NAL0004140867001,"AXALTA COATING SYSTEMS, LLC RETIREMENT SAVINGS PLAN","AXALTA COATING SYSTEMS, LLC",238454809.00,0.00,238454809.00,100.00
20251015152648NAL0004985953001,SONOVA 401(K) RETIREMENT SAVINGS PLAN,"SONOVA U.S. CORPORATE SERVICES, LLC",238382663.00,0.00,238382663.00,100.00
20250904085615NAL0009599075001,ROYOMARTIN RETIREMENT PLAN,MARTCO LLC,238299161.00,0.00,238299161.00,100.00
20251013122300NAL0001297265001,ALPHASTAFF RETIREMENT SAVINGS PLAN,"ALPHASTAFF GROUP, INC.",238061529.00,0.00,238061529.00,100.00
20251013130312NAL0000628739001,"ACUITY, A MUTUAL INSURANCE COMPANY 401(K) PLAN","ACUITY, A MUTUAL INSURANCE COMPANY",237787842.00,0.00,237787842.00,100.00
20251010143224NAL0018247362001,GLIDEWELL LABORATORIES RETIREMENT PLAN,"JAMES R. GLIDEWELL DENTAL CERAMICS, INC.",237735973.00,0.00,237735973.00,100.00
20250801135825NAL0003224931001,FCTG RETIREMENT SAVINGS PLAN,"FOREST CITY TRADING GROUP, LLC",237146141.00,0.00,237146141.00,100.00
20251013091824NAL0000917793001,INSTRUMENTATION LABORATORY SAVINGS PLAN,INSTRUMENTATION LABORATORY,236552855.00,0.00,236552855.00,100.00
20260714090056NAL0000834675001,SUBCOM SAVINGS PLAN,"SUBCOM, LLC",236472651.00,0.00,236472651.00,100.00
20250923150047NAL0006997120001,ARUP US RETIREMENT SAVINGS PLAN,"ARUP US, INC.",277448698.00,41431733.00,236016965.00,85.00
20251015132813NAL0002364115001,VONAGE 401(K) RETIREMENT PLAN,VONAGE HOLDINGS CORP.,278649536.00,42729606.00,235919930.00,85.00
20251003082225NAL0000722435001,FEDERAL HOME LOAN MORTGAGE CORP THRIFT/401(K) SAVINGS PLAN,FEDERAL HOME LOAN MORTGAGE CORP,1431409041.00,1196008046.00,235400995.00,16.00
20251014112347NAL0003768800001,MARIST COLLEGE DEFINED CONTRIBUTION RETIREMENT PLAN,MARIST COLLEGE,235040608.00,0.00,235040608.00,100.00
20251002180136NAL0000762929001,"PENUMBRA, INC. 401(K) PLAN","PENUMBRA, INC.",234921885.00,0.00,234921885.00,100.00
20260701105510NAL0017397648001,BD DEFINED CONTRIBUTION PLAN MASTER TRUST,"BECTON, DICKINSON AND COMPANY",234860058.00,0.00,234860058.00,100.00
20251212150343NAL0008360833001,WOODSIDE ENERGY USA SERVICES INC. RETIREMENT SAVINGS PLAN,WOODSIDE ENERGY USA SERVICES INC.,234560651.00,0.00,234560651.00,100.00
20260717144123NAL0007634784001,CBTS 401(K) PLAN,CBTS TECHNOLOGY SOLUTIONS LLC,233259442.00,0.00,233259442.00,100.00
20250820125754NAL0003254305001,"CLAYTON HOMES, INC. 401(K) RETIREMENT PLAN","CLAYTON HOMES, INC.",232984804.00,0.00,232984804.00,100.00
20251015143247NAL0002458723001,"INMAR, INC. PROFIT SHARING AND 401(K) PLAN","INMAR, INC.",232078860.00,0.00,232078860.00,100.00
20251205094919NAL0003480401001,BANKUNITED 401(K) PLAN,"BANKUNITED, INC.",232054857.00,0.00,232054857.00,100.00
20251010121026NAL0017893330001,"AVID TECHNOLOGY, INC. 401(K) PLAN","AVID TECHNOLOGY, INC.",231615157.00,0.00,231615157.00,100.00
20251015132044NAL0002356163001,"CLAYCO, INC. 401(K) PROFIT SHARING PLAN","CLAYCO, INC.",231422884.00,0.00,231422884.00,100.00
20260723090925NAL0020397394002,ACADIAN INC. PROFIT SHARING & 401(K) PLAN,BRIGHTSPHERE INC.,231263051.00,0.00,231263051.00,100.00
20251003161553NAL0002623040001,MUSCO PROFIT SHARING AND EMPLOYEE SAVINGS PLAN,MUSCO CORPORATION,230929810.00,0.00,230929810.00,100.00
20251008140502NAL0003340659001,W.R. GRACE & CO. SAVINGS PLAN MASTER TRUST,W.R. GRACE & CO.,230762475.00,0.00,230762475.00,100.00
20260701191023NAL0017846752001,ACCO SAVINGS AND INVESTMENT PLAN,"ACCO ENGINEERED SYSTEMS, INC.",230094420.00,0.00,230094420.00,100.00
20260713195906NAL0000890690001,LORD ABBETT 401(K) RETIREMENT PLAN,"LORD, ABBETT & CO. LLC",229905958.00,0.00,229905958.00,100.00
20251010153934NAL0004381603001,MCKINSEY RETIREMENT TRUST,"MCKINSEY & COMPANY, INC.",228351546.00,0.00,228351546.00,100.00
20251007084655NAL0010853794001,AMNEAL PHARMACEUTICALS LLC AND SUBSIDIARIES 401(K) PLAN,AMNEAL PHARMACEUTICALS LLC,266994696.00,38670121.00,228324575.00,86.00
20251014152036NAL0006555906001,OPERATING ENGINEERS LOCAL 428 ANNUITY TRUST FUND,OPERATING ENGINEERS LOCAL 428 ANNUITY TRUST FUND,228048284.00,0.00,228048284.00,100.00
20251013103653NAL0001119953001,"PSA AIRLINES, INC. 401(K) SAVINGS PLAN","PSA AIRLINES, INC.",228022433.00,0.00,228022433.00,100.00
20251014163418NAL0003417153002,OPERATING ENGINEERS LOCAL 520 ANNUITY PLAN,BOARD OF TRUSTEES OPERATING ENGINEERS LOCAL 520,227619925.00,0.00,227619925.00,100.00
20251010174605NAL0013639440001,PORTSMOUTH D&D 401K SAVINGS PLAN,"FLUOR-BWXT PORTSMOUTH, LLC",227357804.00,0.00,227357804.00,100.00
20260710140628NAL0001815088001,BENJAMIN MOORE & CO. DEFERRED SAVINGS AND INVESTMENT PLAN,BENJAMIN MOORE & CO.,227021646.00,0.00,227021646.00,100.00
20250929203228NAL0005207155001,HATTIESBURG CLINIC P. A. SAVINGS PLAN,HATTIESBURG CLINIC PA,226912053.00,0.00,226912053.00,100.00
20260716091442NAL0005131184001,GLOBE LIFE INC. SAVINGS AND INVESTMENT PLAN,GLOBE LIFE INC.,226400010.00,0.00,226400010.00,100.00
20250703083823NAL0000787136001,"TAPESTRY, INC. 401(K) SAVINGS PLAN","TAPESTRY, INC.",226343718.00,0.00,226343718.00,100.00
20251014122145NAL0002877953001,TRANSRE INCENTIVE RETIREMENT PLAN,"TRANSATLANTIC HOLDINGS, INC.",226333597.00,0.00,226333597.00,100.00
20260706130017NAL0014890755002,NCH CORPORATION RETIREMENT SAVINGS PLAN,NCH CORPORATION & SUBSIDIARIES,225371013.00,0.00,225371013.00,100.00
20251013141816NAL0000705635001,CHAPMAN UNIVERSITY TAX DEFERRED ANNUITY (TDA) RETIREMENT PLAN,CHAPMAN UNIVERSITY,241317849.00,16176459.00,225141390.00,93.00
20251014112008NAL0002626513001,ZACHRY CORPORATION EMPLOYEES 401(K) PLAN,"ZACHRY CONSTRUCTION & MATERIALS,INC.",225055850.00,0.00,225055850.00,100.00
20251002140423NAL0000880432001,"MASTER TRUST FOR ADVANTAGECARE PHYSICIANS, P.C. DEFINED CONTRIBUTION PLANS","ADVANTAGECARE PHYSICIANS, P.C.",224619788.00,0.00,224619788.00,100.00
20251010160351NAL0008442785001,"HAWAIIAN AIRLINES, INC. 401(K) PLAN FOR FLIGHT ATTENDANTS",HAWAIIAN AIRLINES INC.,224573134.00,0.00,224573134.00,100.00
20251015124134NAL0006110944001,ALBANY INTERNATIONAL CORP. PROSPERITY PLUS SAVINGS PLAN,ALBANY INTERNATIONAL CORP.,224449661.00,0.00,224449661.00,100.00
20251015161220NAL0002612003001,NECA LU NO 313 IBEW DEFERRED INCOME PLAN,BD OF TEES OF NECA LU NO 313 IBEW DEFERRED INCOME PLAN,224342252.00,0.00,224342252.00,100.00
20250904133306NAL0009757875001,BRG 401(K) PLAN,"BERKELEY RESEARCH GROUP, LLC",224257494.00,0.00,224257494.00,100.00
20251013195158NAL0003999730001,ELECTRICIANS ANNUITY PLAN - IBEW LOCAL 456,ELECTRICIANS ANNUITY FUND IBEW LOCAL 456,223250517.00,0.00,223250517.00,100.00
20250922154738NAL0002221267001,"NATIONAL VISION, INC. 401(K) RETIREMENT SAVINGS PLAN",NATIONAL VISION INC.,223244741.00,0.00,223244741.00,100.00
20250919071530NAL0002389392002,LEWIS & CLARK COLLEGE DEFINED CONTRIBUTION RETIREMENT PLAN AND TAX DEFERRED ANNUITY PLAN,LEWIS AND CLARK COLLEGE,256155713.00,33386966.00,222768747.00,87.00
20251003143155NAL0001513121001,FURMAN UNIVERSITY DEFINED CONTRIBUTION AND TAX DEFERRED ANNUITY RETIREMENT PLAN,FURMAN UNIVERSITY,245825838.00,23897916.00,221927922.00,90.00
20251015211100NAL0007326960001,SKADDEN ARPS SLATE MEAGHER & FLOM RETIREMENT AND PENSION PLAN MASTER TRUST,"SKADDEN, ARPS, SLATE, MEAGHER & FLOM LLP",279097910.00,57316224.29,221781685.71,79.00
20250731161721NAL0003241299001,PAYCOR 401(K) PLAN,"PAYCOR, INC.",221635836.00,0.00,221635836.00,100.00
20260715190759NAL0002528371001,UKPEAGVIK INUPIAT CORPORATION EMPLOYEES' RETIREMENT PLAN,UKPEAGVIK INUPIAT CORPORATION,221425523.00,0.00,221425523.00,100.00
20260723140111NAL0010753827001,THE SPIRENT COMMUNICATIONS 401(K) PLAN,SPIRENT COMMUNICATIONS INC.,221400957.00,0.00,221400957.00,100.00
20260513235124NAL0015978642001,PAMCAH-UA LOCAL 675 ANNUITY PLAN,BOARD OF TRUSTEES OF PAMCAH-UA LOCAL 675 ANNUITY FUND,220868330.00,0.00,220868330.00,100.00
20260715121620NAL0003967058001,AMERICAN PUBLIC MEDIA GROUP RETIREMENT PLAN,AMERICAN PUBLIC MEDIA GROUP,220831019.00,0.00,220831019.00,100.00
20251009151000NAL0003691411001,THE CATHOLIC UNIVERSITY OF AMERICA RETIREMENT PLAN,THE CATHOLIC UNIVERSITY OF AMERICA,437825406.00,217311927.00,220513479.00,50.00
20251014210302NAL0003608625001,"PROFIT-SHARING PLAN OF OGLETREE, DEAKINS, NASH, SMOAK & STEWART","OGLETREE, DEAKINS, NASH, SMOAK & STEWART, P.C.",232906265.00,12397026.00,220509239.00,95.00
20251015114918NAL0004758161001,PORSCHE EMPLOYEE SAVINGS PLAN AND TRUST,"PORSCHE BUSINESS SERVICES, INC.",220289405.00,0.00,220289405.00,100.00
20251015133440NAL0006255600001,ROLLS ROYCE NORTH AMERICA 401K SAVINGS PLAN MASTER TRUST,ROLLS ROYCE CORPORATION,220265829.00,0.00,220265829.00,100.00
20260618183319NAL0002241747001,UNIVERSITY OF PORTLAND DEFINED CONTRIBUTION AND TAX DEFERRED ANNUITY,THE UNIVERSITY OF PORTLAND,219796262.00,0.00,219796262.00,100.00
20251011194125NAL0020532050001,WOODS HOLE OCEANOGRAPHIC INSTITUTION DEFINED CONTRIBUTION RETIREMENT PLAN,WOODS HOLE OCEANOGRAPHIC INSTITUTION,219771280.00,0.00,219771280.00,100.00
20251001050121NAL0012812897001,ANDRITZ INC. SAVINGS AND INVESTMENT PLAN,ANDRITZ INC.,219197203.00,0.00,219197203.00,100.00
20251014202507NAL0007367986001,EMPLOYEES PROFIT SHARING RETIREMENT PLAN OF SERVCO PACIFIC INC. AND SUBSIDIARIES,SERVCO PACIFIC INC.,218903860.00,0.00,218903860.00,100.00
20250728132719NAL0000924467001,UPBOUND 401(K) RETIREMENT SAVINGS PLAN,"UPBOUND GROUP, INC.",218201176.00,0.00,218201176.00,100.00
20251010172406NAL0004825747001,PRIMERICA SAVINGS & INVESTMENT PLAN,"PRIMERICA, INC.",218197513.00,0.00,218197513.00,100.00
20260629182439NAL0010170259001,BANK OF HAWAII RETIREMENT SAVINGS PLAN,BANK OF HAWAII,218160679.00,0.00,218160679.00,100.00
20260721122406NAL0008716131001,GRANITE CONSTRUCTION PROFIT SHARING AND 401(K) PLAN,GRANITE CONSTRUCTION INCORPORATED,217987227.00,0.00,217987227.00,100.00
20260701132954NAL0012149651001,RETIREMENT TARGET 2030 SEPARATE ACCOUNT,PRINCIPAL LIFE INSURANCE COMPANY,217813793.00,0.00,217813793.00,100.00
20251015163649NAL0010338674001,WATSON CLINIC LLP 401(K) PROFIT SHARING PLAN,WATSON CLINIC LLP,281321512.00,64084201.00,217237311.00,77.00
20251014133813NAL0003049265001,"BRIGGS & STRATTON, LLC 401(K) PLAN","BRIGGS & STRATTON, LLC",217130459.00,0.00,217130459.00,100.00
20251015102513NAL0009064050001,MARSHFIELD CLINIC MASTER TRUST,"MARSHFIELD CLINIC, INC.",481066276.00,264388264.00,216678012.00,45.00
20251015094218NAL0004209153001,SMART PLAN FOR EMPLOYEES OF THE CHAMBER OF COMMERCE OF THE UNITED STATES OF AMERICA,CHAMBER OF COMMERCE OF THE UNITED STATES OF AMERICA,216528169.00,0.00,216528169.00,100.00
20251006113045NAL0002022323001,"B. RILEY FINANCIAL, INC. 401(K) PROFIT SHARING PLAN","B. RILEY FINANCIAL, INC.",260619316.00,44555514.00,216063802.00,83.00
20250930154734NAL0029675218001,DYNATRACE INC 401(K) PLAN,DYNATRACE LLC,243590555.00,27679590.00,215910965.00,89.00
20260204094418NAL0005555888001,"SMITH & WESSON BRANDS, INC. PROFIT SHARING AND INVESTMENT PLAN","SMITH & WESSON BRANDS, INC.",215844751.00,0.00,215844751.00,100.00
20250925173713NAL0012568002001,SIERRA NEVADA BREWING 401(K) PLAN,SIERRA NEVADA BREWING CO.,215798803.00,0.00,215798803.00,100.00
20260713123114NAL0000178657001,"TRADITION AMERICA HOLDINGS, INC. 401(K) PLAN","TRADITION AMERICA HOLDINGS, INC.",215781817.00,0.00,215781817.00,100.00
20251009103744NAL0003824483001,AIR LINE PILOTS ASSOCIATION INTERNATIONAL DEFERRED SAVINGS PLAN MASTER TRUST,AIR LINE PILOTS ASSOCIATION INTERNATIONAL,215768499.00,0.00,215768499.00,100.00
20250917142653NAL0000628771001,"THE ELANCO US, INC. 401(K) PLAN",ELANCO US INC.,215684637.00,0.00,215684637.00,100.00
20260629102855NAL0011639121001,FIRSTCASH 401(K) PROFIT SHARING PLAN,"FIRSTCASH HOLDINGS, INC.",215642201.00,0.00,215642201.00,100.00
20251014170158NAL0001710467001,THE BROOKLYN HOSPITAL CENTER 403(B) RETIREMENT PLAN,THE BROOKLYN HOSPITAL CENTER,215549040.00,0.00,215549040.00,100.00
20260723132822NAL0014000849001,EXPEDIA RETIREMENT SAVINGS PLAN,"EXPEDIA, INC.",215489815.00,0.00,215489815.00,100.00
20251015152828NAL0005285329001,TTM TECHNOLOGIES 401(K) RETIREMENT SAVINGS PLAN,"TTM TECHNOLOGIES, INC.",214989557.00,0.00,214989557.00,100.00
20251015013107NAL0007940994001,AHMC HEALTHCARE INC. 401(K) RETIREMENT SAVINGS PLAN,GEMW HEALTHCARE INVESTMENT LP,214766757.00,0.00,214766757.00,100.00
20250908121736NAL0019305201001,SOUTHWEST POWER POOL 401(K) SAVINGS PLAN,"SOUTHWEST POWER POOL, INC.",214440153.00,0.00,214440153.00,100.00
20250930184414NAL0019859362001,CULINARY AND BARTENDERS 401(K) PLAN,TRUSTEES OF THE CULINARY AND BARTENDERS 401(K) TRUST,214202264.00,0.00,214202264.00,100.00
20251015103434NAL0002252099001,"UNILEVER UNITED STATES, INC MASTER SAVINGS TRUST","UNILEVER UNITED STATES, INC.",213803116.00,0.00,213803116.00,100.00
20260715051646NAL0003387362001,"AMSTED INDUSTRIES CAP, RSP UNION AND JOINT VENTURES MST TRUST","AMSTED INDUSTRIES, INC.",213776547.00,0.00,213776547.00,100.00
20260714095042NAL0000883955001,"CARR, RIGGS & INGRAM CAPITAL, LLC 401(K) PLAN & TRUST","CARR, RIGGS & INGRAM CAPITAL, LLC",212797517.00,0.00,212797517.00,100.00
20251006081704NAL0005673040001,"DAYTON FREIGHT LINES, INC. EMPLOYEE 401(K) RETIREMENT PLAN","DAYTON FREIGHT LINES, INC.",212675240.00,0.00,212675240.00,100.00
20251009102248NAL0006819569001,"INTEGRATED ANESTHESIA ASSOCIATES, LLC 401(K) RETIREMENT SAVINGS PLAN","INTEGRATED ANESTHESIA ASSOCIATES, LLC",212019582.00,0.00,212019582.00,100.00
20251008093835NAL0003164435001,"DXP ENTERPRISES, INC. 401(K) RETIREMENT PLAN","DXP ENTERPRISES, INC",211938189.00,0.00,211938189.00,100.00
20251009135900NAL0003629379001,PRINTPACK INC SAVINGS & PROFIT SHARING PLAN,"PRINTPACK, INC.",211916843.00,0.00,211916843.00,100.00
20251007151950NAL0004776481001,CFNI RETIREMENT PLAN,"COMMUNITY FOUNDATION OF NORTHWEST IN, INC.",210935126.00,0.00,210935126.00,100.00
20251015135800NAL0005055873001,DISTRIBUTION SOLUTIONS GROUP RETIREMENT PLAN,"DISTRIBUTION SOLUTIONS GROUP, INC",210692284.00,0.00,210692284.00,100.00
20251013135309NAL0000677267001,THE LUBRIZOL CORPORATION EMPLOYEES PROFIT SHARING AND SAVINGS PLAN,THE LUBRIZOL CORPORATION,209480265.00,0.00,209480265.00,100.00
20250826130530NAL0004470179001,THE 403(B) PLAN FOR THE EMPLOYEES OF CENTRAL MAINE HEALTHCARE,CENTRAL MAINE HEALTHCARE CORPORATION,209416150.00,0.00,209416150.00,100.00
20260720094514NAL0007266179001,"CHENMED, LLC 401(K) PLAN","CHENMED, LLC",209327397.00,0.00,209327397.00,100.00
20251006133037NAL0006158336001,"DAKTRONICS, INC. 401(K) PLAN","DAKTRONICS, INC.",209158254.00,0.00,209158254.00,100.00
20250908145302NAL0019576081001,THE ALAMO GROUP (USA) INC. 401(K) RETIREMENT AND SAVINGS PLAN,"ALAMO GROUP USA, INC.",209017285.00,0.00,209017285.00,100.00
20251013164545NAL0002447264001,ENERGY TRANSFER LP MASTER TRUST,ENERGY TRANSFER LP,209000396.00,0.00,209000396.00,100.00
20260710133740NAL0001434513001,ST. PAUL ELECTRICAL CONSTRUCTION WORKERS 401(K) PLAN,TRUSTEES OF ST. PAUL ELECTRICAL CONSTRUCTION WORKERS 401(K) PLAN,208869165.00,0.00,208869165.00,100.00
20251013142344NAL0001501313001,CHAPMAN UNIVERSITY DEFINED CONTRIBUTION RETIREMENT PLAN,CHAPMAN UNIVERSITY,221928746.00,13081137.00,208847609.00,94.00
20260414202508NAL0016370817001,OPERATING ENGINEERS LOCAL 12 DEFINED CONTRIBUTION TRUST,"BOARD OF TRUSTEES, OPERATING ENGINEERS LOCAL 12",466103171.00,257361574.00,208741597.00,45.00
20251009085218NAL0003756035001,BOB'S DISCOUNT FURNITURE 401(K) PROFIT SHARING PLAN,"BOB'S DISCOUNT FURNITURE, LLC",208608148.00,0.00,208608148.00,100.00
20260723165513NAL0021319794001,HARVARD-WESTLAKE SCHOOL DEFINED CONTRIBUTION RETIREMENT PLAN,HARVARD-WESTLAKE SCHOOL,208388193.00,0.00,208388193.00,100.00
20260715123927NAL0002089363001,OWENSBORO HEALTH 403(B) SAFE HARBOR PLAN,"OWENSBORO HEALTH, INC.",208303401.00,0.00,208303401.00,100.00
20251010095541NAL0007902641001,"TOYOTA BOSHOKU AMERICA, INC. 401(K) PROFIT SHARING PLAN & TRUST","TOYOTA BOSHOKU AMERICA, INC.",208135714.00,0.00,208135714.00,100.00
20251010162734NAL0008479425001,BUTLER UNIVERSITY RETIREMENT PLAN,BUTLER UNIVERSITY,294527004.00,86706959.00,207820045.00,71.00
20260715105622NAL0002014515001,THE MARVIN COMPANIES PROFIT SHARING AND 401(K) PLAN,MARVIN LUMBER AND CEDAR COMPANY,207592024.00,0.00,207592024.00,100.00
20250903161215NAL0026257200001,"GREENMAN-PEDERSEN, INC. 401(K) PROFIT SHARING PLAN AND TRUST","GREENMAN-PEDERSEN, INC.",207076259.00,0.00,207076259.00,100.00
20250923131605NAL0002576723001,"THE COLONY GROUP, LLC 401(K) PROFIT SHARING PLAN","THE COLONY GROUP, LLC",206541752.00,0.00,206541752.00,100.00
20251015083145NAL0004346177001,59 WALL STREET CAPITAL ACCUMULATION PLAN,BROWN BROTHERS HARRIMAN & CO.,206150916.00,0.00,206150916.00,100.00
20250731182221NAL0003323091001,ASSOCIATION OF UNIVERSITY PHYSICIANS TDA PLAN,THE ASSOCIATION OF UNIVERSITY PHYSICIANS,206090669.00,0.00,206090669.00,100.00
20251013194646NAL0001893377001,HEWLETT PACKARD ENTERPRISE PUERTO RICO TAX SAVING CAPITAL ACCUMULATION PLAN,HEWLETT PACKARD ENTERPRISE,206038352.00,0.00,206038352.00,100.00
20251015145733NAL0004918321001,"INNOVA SOLUTIONS, INC. RETIREMENT SAVINGS PLAN","INNOVA SOLUTIONS, INC.",205295483.00,0.00,205295483.00,100.00
20251014093738NAL0003508272001,GREENHECK FAN CORPORATION 401(K) & SAVINGS PLAN,GREENHECK FAN CORPORATION,205181315.00,0.00,205181315.00,100.00
20251006163827NAL0003806977001,UCHEALTH 403(B) PLAN,UNIVERSITY OF COLORADO HEALTH,204841335.00,0.00,204841335.00,100.00
20260720144940NAL0014296802001,REECE USA 401(K) PLAN,"REECE, INC.",204493458.00,0.00,204493458.00,100.00
20251014170529NAL0004612880001,PATHWAY VET ALLIANCE LLC 401K PLAN,PATHWAY VET ALLIANCE LLC,204424338.00,0.00,204424338.00,100.00
20251014144753NAL0004278352001,PIEDMONT AIRLINES INC. EMPLOYEE SAVINGS PLAN,"PIEDMONT AIRLINES, INC.",204415859.00,0.00,204415859.00,100.00
20250805103347NAL0004383314001,PECHANGA DEVELOPMENT CORPORATION 401(K) PLAN,PECHANGA DEVELOPMENT CORPORATION,204337599.00,0.00,204337599.00,100.00
20251015085512NAL0002130003001,"ALKERMES, INC. 401(K) RETIREMENT SAVINGS PLAN","ALKERMES, INC.",204069044.00,0.00,204069044.00,100.00
20251011110012NAL0004720771003,MIDWEST PIPE TRADES RETIREMENT PLAN,BOARD OF TRUSTEES - MIDWEST PIPE TRADES RETIREMENT PLAN,203823161.00,0.00,203823161.00,100.00
20251013154835NAL0003537010001,VESUVIUS USA CORPORATION MASTER TRUST,VESUVIUS USA CORPORATION,203598584.00,0.00,203598584.00,100.00
20260627110517NAL0009069539001,"UGI UTILITIES, INC. SAVINGS PLAN","UGI UTILITIES, INC.",203564107.00,0.00,203564107.00,100.00
20251013103238NAL0001722544001,WILLIAMS INTERNATIONAL EMPLOYEES SAVINGS PLAN,WILLIAMS INTERNATIONAL,247415413.00,43933376.00,203482037.00,82.00
20250522084801NAL0004281264001,"ELECTRONIC THEATRE CONTROLS, INC. 401K RETIREMENT PLAN","ELECTRONIC THEATRE CONTROLS, INC.",203423656.00,0.00,203423656.00,100.00
20251013134048NAL0003036210001,INSTITUTE FOR DEFENSE ANALYSES TAX DEFERRED ANNUITY PLAN,INSTITUTE FOR DEFENSE ANALYSES,713502091.00,510206585.00,203295506.00,28.00
20251013095745NAL0002386594001,LUTZ FINANCIAL POOLED EMPLOYER PLAN,"NEWPORT GROUP, INC.",203292597.00,0.00,203292597.00,100.00
20260210175823NAL0003176800001,PLUMBERS AND PIPEFITTERS LOCAL UNION 520 ANNUITY PLAN,PLUMBERS AND PIPEFITTERS ANNUITY FUND LOCAL NO. 520,203192930.00,0.00,203192930.00,100.00
20260720195847NAL0007899411001,"LOWE ENTERPRISES, INC. AND CORALTREE HOSPITALITY GROUP LLC EMPLOYEE 401(K) PLAN","LOWE ENTERPRISES, INC.",202986988.00,0.00,202986988.00,100.00
20260721160533NAL0011446241001,DAKOTA GASIFICATION COMPANY 401(K) PLAN,DAKOTA GASIFICATION COMPANY,202417512.00,0.00,202417512.00,100.00
20260713130107NAL0000217441001,"BEST WESTERN INTERNATIONAL, INC. 401(K) INVESTMENT PLAN","BEST WESTERN INTERNATIONAL, INC.",202342459.00,0.00,202342459.00,100.00
20250918080716NAL0000555955001,RIVERBED TECHNOLOGY LLC 401(K) PLAN,RIVERBED TECHNOLOGY LLC,259855598.00,57659403.00,202196195.00,78.00
20251010091144NAL0004092227001,"ROHDE & SCHWARZ, INC. SAVINGS PLAN","ROHDE & SCHWARZ USA, INC.",201009158.00,0.00,201009158.00,100.00
20251015084736NAL0005714624001,AMERICAN COMMERCIAL BARGE LINE LLC 401(K) PLAN,AMERICAN COMMERCIAL BARGE LINE LLC,200668802.00,0.00,200668802.00,100.00
20251012131819NAL0000765490001,NATIONAL ACCOUNT SERVICE COMPANY 401(K) SAVINGS PLAN,NATIONAL ACCOUNT SERVICE COMPANY,200668327.00,0.00,200668327.00,100.00
20251008175542NAL0003476499001,"WELLS ENTERPRISES, INC. 401(K) PLAN","WELLS ENTERPRISES, INC.",200575276.00,0.00,200575276.00,100.00
20251009084219NAL0015022386001,ST. JOHN'S UNIVERSITY DEFINED CONTRIBUTION RETIREMENT PLAN,SAINT JOHN'S UNIVERSITY,992363454.00,791826551.00,200536903.00,20.00
20251015160834NAL0010217202001,NATIONAL HEALTHCARE CORPORATION 401(K) PLAN,NATIONAL HEALTH CORPORATION,200273706.00,0.00,200273706.00,100.00
20251013083043NAL0000403283001,ABS 401(K) SAVINGS PLAN,AMERICAN BUREAU OF SHIPPING,200144611.00,0.00,200144611.00,100.00
20251015152047NAL0002539955003,AMERICAN INSTITUTES FOR RESEARCH RETIREMENT PLAN,AMERICAN INSTITUTES FOR RESEARCH IN THE BEHAVIORAL SCIENCES,200096235.00,0.00,200096235.00,100.00
20251014161905NAL0003385409005,LEVI STRAUSS & CO. INVESTMENT PLAN MASTER TR - DC,LEVI STRAUSS & CO.,199735522.00,0.00,199735522.00,100.00
20251009103841NAL0003502691001,AVAYA INC. MASTER TRUST,AVAYA INC.,199478511.00,0.00,199478511.00,100.00
20251003113541NAL0000825731001,TOMPKINS RETIREMENT SAVINGS PLAN,TOMPKINS TRUST COMPANY,199169466.00,0.00,199169466.00,100.00
20251003095255NAL0001242225001,"WAYNE J. GRIFFIN ELECTRIC, INC. RETIREMENT SAVINGS PLAN","WAYNE J. GRIFFIN ELECTRIC, INC.",198902859.00,0.00,198902859.00,100.00
20260715122104NAL0003681920001,PRAIRIE FARMS DAIRY THRIFT INCENTIVE PLAN,"PRAIRIE FARMS DAIRY, INC.",198876381.00,0.00,198876381.00,100.00
20260713142403NAL0000461490001,BELLIN HEALTH 401(K) RETIREMENT PLAN,"BELLIN HEALTH SYSTEMS, INC.",198744920.00,0.00,198744920.00,100.00
20251015193402NAL0005739137001,PTC 401K SAVINGS PLAN,PTC INC.,198651709.00,0.00,198651709.00,100.00
20260716155134NAL0005706624001,GMO 401(K) PROFIT SHARING PLAN,"GRANTHAM, MAYO, VAN OTTERLOO & CO. LLC",198115471.00,0.00,198115471.00,100.00
20250905104138NAL0028746192001,AMEREN CORPORATION SAVINGS INVESTMENT PLAN,AMEREN CORPORATION,197609175.00,0.00,197609175.00,100.00
20260721162715NAL0016763858002,"FLAGLER SYSTEM, INC. EMPLOYEES' SAVINGS PLAN","FLAGLER SYSTEM, INC.",197555149.00,0.00,197555149.00,100.00
20251015155941NAL0002711827001,"DAVID EVANS ENTERPRISES, INC. RETIREMENT PLAN","DAVID EVANS ENTERPRISES, INC.",196772889.00,0.00,196772889.00,100.00
20251006083007NAL0005680704001,WURTH 401(K) PLAN,WURTH GROUP OF NORTH AMERICA INC,196410607.00,0.00,196410607.00,100.00
20260717151938NAL0004721779001,MINERALS TECHNOLOGIES INC. SAVINGS AND INVESTMENT PLAN,MINERALS TECHNOLOGIES INC.,196341725.00,0.00,196341725.00,100.00
20260713084357NAL0003829505001,THE TAUBMAN COMPANY AND RELATED ENTITIES EMPLOYEE RETIREMENT SAVINGS PLAN,THE TAUBMAN COMPANY LLC,196163966.00,0.00,196163966.00,100.00
20260701103150NAL0017364656001,"CROWE & DUNLEVY, A PROFESSIONAL CORPORATION, PROFIT SHARING AND THRIFT PLAN","CROWE & DUNLEVY, A PROFESSIONAL CORPORATION",195975889.00,0.00,195975889.00,100.00
20251001125638NAL0014280112001,RHODE ISLAND SCHOOL OF DESIGN RETIREMENT PLAN,RHODE ISLAND SCHOOL OF DESIGN,217947952.00,22270669.00,195677283.00,90.00
20251013092010NAL0000919857001,"NOVOZYMES NORTH AMERICA, INC. 401(K) SAVINGS PLAN","NOVOZYMES NORTH AMERICA, INC.",194820409.00,0.00,194820409.00,100.00
20251014204644NAL0004887856001,FERRING PHARMACEUTICALS INC. 401(K) SAVINGS PLAN,FERRING PHARMACEUTICALS INC.,225293920.00,30562450.00,194731470.00,86.00
20251010084523NAL0007822017001,"AXIS SPECIALTY U.S. SERVICES, INC. 401(K) PLAN","AXIS SPECIALTY U.S. SERVICES, INC.",194609146.00,0.00,194609146.00,100.00
20251015163747NAL0002645219001,STETSON UNIVERSITY DEFINED CONTRIBUTION PLAN,STETSON UNIVERSITY INC.,194709289.00,121205.00,194588084.00,100.00
20260721073935NAL0010361521001,DOMINO'S PIZZA 401(K) SAVINGS PLAN,DOMINO'S PIZZA LLC,194574079.00,0.00,194574079.00,100.00
20251013163650NAL0001718785001,UNIVERSITY HEALTH PHYSICIANS 403(B) RETIREMENT PLAN,UNIVERSITY HEALTH PHYSICIANS,194550434.00,0.00,194550434.00,100.00
20260716102026NAL0003141459001,RUMPKE 401(K) RETIREMENT PLAN,"RUMPKE CONSOLIDATED COMPANIES, INC.",194060327.00,0.00,194060327.00,100.00
20251015135101NAL0002398067001,UNIVERSITY OF LA VERNE 403(B) RETIREMENT SAVINGS PLAN,UNIVERSITY OF LA VERNE,205176167.00,11217889.00,193958278.00,95.00
20260115135138NAL0016465521001,MCKESSON CORPORATION 401(K) RETIREMENT SAVINGS PLAN,MCKESSON CORPORATION - DELAWARE,193610210.00,0.00,193610210.00,100.00
20251013091637NAL0000409427001,MADISON SQUARE GARDEN 401(K) SAVINGS PLAN,"MSG ENTERTAINMENT HOLDINGS, LLC",309435716.00,115925242.00,193510474.00,63.00
20251013122617NAL0000591859001,PHILIP MORRIS INTERNATIONAL DEFERRED PROFIT-SHARING PLAN,PMI GLOBAL SERVICES INC.,193042142.00,0.00,193042142.00,100.00
20260710093912NAL0001188961001,WIN WASTE INNOVATIONS 401(K) PLAN,"WHEELABRATOR TECHNOLOGIES, INC.",192577964.00,0.00,192577964.00,100.00
20251014121913NAL0002745617001,LOYOLA UNIVERSITY RETIREMENT PLAN,LOYOLA UNIVERSITY NEW ORLEANS,192399514.00,0.00,192399514.00,100.00
20251015102859NAL0004583569001,SYRACUSE UNIVERSITY VOLUNTARY RETIREMENT PLAN,SYRACUSE UNIVERSITY,646136384.00,453843000.00,192293384.00,30.00
20251015174849NAL0005297553001,"COX, CASTLE & NICHOLSON LLP RETIREMENT PLAN","COX, CASTLE & NICHOLSON LLP",192165178.00,0.00,192165178.00,100.00
20251014120428NAL0005743890001,VISTRA THRIFT PLAN,VISTRA OPERATIONS COMPANY LLC,192164336.00,0.00,192164336.00,100.00
20260701133049NAL0024035090001,RETIREMENT TARGET 2035 SEPARATE ACCOUNT,PRINCIPAL LIFE INSURANCE COMPANY,192139157.00,0.00,192139157.00,100.00
20260714144636NAL0001688225001,"EXTRA SPACE MANAGEMENT, INC. 401(K) PLAN","EXTRA SPACE MANAGEMENT, INC.",192007550.00,0.00,192007550.00,100.00
20251013174359NAL0003757010001,"HUNT COMPANIES BUSINESS SERVICES, LLC 401K PLAN","HUNT COMPANIES BUSINESS SERVICES, LLC",191953479.00,0.00,191953479.00,100.00
20251007163411NAL0002608483001,MATRIX SERVICE COMPANY 401(K) SAVINGS PLAN,MATRIX SERVICE COMPANY,191910054.00,0.00,191910054.00,100.00
20260521161626NAL0001843331001,BRINKER INTERNATIONAL 401(K) SAVINGS PLAN,"BRINKER INTERNATIONAL PAYROLL COMPANY, L.P.",486376641.00,294744753.00,191631888.00,39.00
20260507153959NAL0003096353001,THE SUNDT COMPANIES 401(K) PLAN,"THE SUNDT COMPANIES, INC.",191589427.00,0.00,191589427.00,100.00
20251015142743NAL0004833361001,"CARDIOLOGY CONSULTANTS OF PHILADELPHIA, P.C. 401(K) PROFIT SHARING PLAN","CARDIOLOGY CONSULTANTS OF PHILADELPHIA, P.C.",191438766.00,0.00,191438766.00,100.00
20251014131954NAL0006143634001,"CRB GROUP, INC 401(K) PLAN","CRB GROUP, INC.",191175381.00,0.00,191175381.00,100.00
20251006092433NAL0003415745001,NXP 401(K) RETIREMENT PLAN,"NXP USA, INC.",190935964.00,0.00,190935964.00,100.00
20251021154723NAL0001192577001,CIMPRESS USA INCORPORATED 401(K) PLAN,CIMPRESS USA INCORPORATED,236492842.00,45651148.00,190841694.00,81.00
20250917153352NAL0000320131001,CAIS MULTIPLE EMPLOYER PLAN,"CONNECTICUT ASSOCIATION OF INDEPENDENT SCHOOLS, INC",199449158.00,8774274.00,190674884.00,96.00
20260708015551NAL0016835651001,"WILLIAMS-SONOMA, INC. 401(K) PLAN","WILLIAMS-SONOMA, INC.",190624336.00,0.00,190624336.00,100.00
20251015120749NAL0004799249001,NEXTEP 401(K) RETIREMENT SAVINGS PLAN,NEXTEP INC.,203580317.00,13379863.00,190200454.00,93.00
20250924154914NAL0008352768001,SUB-ZERO GROUP EMPLOYEES' PROFIT SHARING AND 401(K) SAVINGS PLAN,"SUB-ZERO GROUP, INC.",190141745.00,0.00,190141745.00,100.00
20250915102238NAL0000650019001,CENTIMARK CORPORATION 401(K) PLAN,CENTIMARK CORPORATION,223134284.00,33038695.00,190095589.00,85.00
20250804141811NAL0000767235001,"DRAGADOS USA, INC. 401(K) PLAN",DRAGADOS USA GROUP,189752719.00,0.00,189752719.00,100.00
20260414090706NAL0018246801001,PLUMBERS & PIPEFITTERS LU 286 MONEY PURCHASE PLAN,PLUMBERS & PIPEFITTERS LU 286 MONEY PURCHASE PLAN,189443727.00,0.00,189443727.00,100.00
20251010071234NAL0012043024001,ZEUS 401(K) PLAN,ZEUS COMPANY LLC,189132216.00,0.00,189132216.00,100.00
20260115173617NAL0023591970001,GENSLER PROFIT SHARING PLAN,"M. ARTHUR GENSLER JR. & ASSOCIATES, INC.",340408053.00,151550856.00,188857197.00,55.00
20260624152035NAL0006456803001,WOLVERINE EMPLOYEE SAVINGS & RETIREMENT PLAN,"WOLVERINE TRADING, LLC",188798423.00,0.00,188798423.00,100.00
20250711155635NAL0004794051001,MACALESTER COLLEGE 403(B) RETIREMENT PLAN,MACALESTER COLLEGE,210354609.00,22039952.00,188314657.00,90.00
20260722101606NAL0012023153001,"J. J. KELLER & ASSOCIATES, INC. EMPLOYEES' 401K SAVINGS AND RETIREMENT PLAN","J. J. KELLER & ASSOCIATES, INC",188307763.00,0.00,188307763.00,100.00
20250703130700NAL0000748577001,MTO 401(K) PROFIT SHARING PLAN,MUNGER TOLLES & OLSON,188040406.00,0.00,188040406.00,100.00
20251010095823NAL0007907553001,LOYOLA UNIVERSITY MARYLAND RETIREMENT PLAN,LOYOLA UNIVERSITY MARYLAND,340924796.00,152970066.00,187954730.00,55.00
20251010204341NAL0008631313001,LOCAL NO. 8 IBEW RETIREMENT PLAN & TRUST,BOARD OF TRUSTEES LOCAL NO. 8 IBEW RETIREMENT PLAN & TRUST,187918940.00,0.00,187918940.00,100.00
20250904120557NAL0016103841001,PARK DENTAL PARTNERS 401(K) PLAN,"PARK DENTAL PARTNERS, INC.",187862823.00,0.00,187862823.00,100.00
20260701105907NAL0013821217001,CMT PROFIT SHARING/401(K) PLAN,CRAWFORD MURPHY & TILLY INC,187771567.00,0.00,187771567.00,100.00
20251015122219NAL0002399779001,PROVIDENCE ADMINISTRATIVE CONSULTING SERVICES INC 401(K) PROFIT SHARING PLAN AND TRUST,PROVIDENCE ADMINISTRATIVE CONSULTING SERVICES INC,187233679.00,0.00,187233679.00,100.00
20260724141442NAL0011977251001,AURORA FLIGHT SCIENCES CORPORATION 401(K) PLAN,AURORA FLIGHT SCIENCES CORPORATION,187076677.00,0.00,187076677.00,100.00
20251008170020NAL0003162547001,BI WORLDWIDE SAVINGS PLAN,"SCHOENECKERS, INC. DBA BI WORLDWIDE",187008448.00,0.00,187008448.00,100.00
20251015145006NAL0006647680002,UFCW LOCAL UNION 1189 AND ST. PAUL FOOD EMPLOYERS DEFINED CONTRIBUTION PLAN,TRUSTEES OF UFCW LOCAL UNION 1189 AND ST. PAUL FOOD EMPLOYERS DEF CONT,217906102.00,30906102.00,187000000.00,86.00
20251002145427NAL0000636625001,"MILEONE AUTOGROUP, INC. 401(K) PLAN","MILEONE AUTOGROUP, INC.",186924531.00,0.00,186924531.00,100.00
20251014135734NAL0001462243001,GROOM LAW GROUP PROFIT SHARING PLAN,"GROOM LAW GROUP, CHARTERED",186871114.00,0.00,186871114.00,100.00
20251015151934NAL0004970145001,DISCOVERY ENERGY 401(K) MASTER TRUST,"DISCOVERY ENERGY, LLC",186868423.00,0.00,186868423.00,100.00
20250806181856NAL0003081267001,GRAY RETIREMENT SAVINGS PLAN,"GRAY CONSTRUCTION, INC",186049142.00,0.00,186049142.00,100.00
20251010125312NAL0018590690001,MASTER TRUST FOR VARIOUS EMPLOYEE BENEFITS OF SHEARMAN & STERLING LLP,SHEARMAN & STERLING LLP,185831258.00,0.00,185831258.00,100.00
20260723113929NAL0013461969003,L & L PRODUCTS EMPLOYEES' PROFIT SHARING PLAN AND TRUST,"L & L PRODUCTS, INC.",185593953.00,0.00,185593953.00,100.00
20260630155414NAL0013005777001,"CROWN CORK & SEAL COMPANY, INC. 401(K) RETIREMENT SAVINGS PLAN","CROWN CORK & SEAL COMPANY, INC.",185564910.00,0.00,185564910.00,100.00
20251013172622NAL0000859091001,APACHE CORPORATION MONEY PURCHASE RETIREMENT PLAN,APACHE CORPORATION,185439040.00,0.00,185439040.00,100.00
20251003183327NAL0000960147001,GEP ADMINISTRATIVE SERVICES SAVINGS & PROFIT SHARING 401(K) PLAN,"GEP ADMINISTRATIVE SERVICES, LLC",185392048.00,0.00,185392048.00,100.00
20250924125618NAL0009245891001,"SCHNITZER STEEL INDUSTRIES, INC. RETIREMENT PLAN","SCHNITZER STEEL INDUSTRIES, INC.",185277249.00,0.00,185277249.00,100.00
20251010093056NAL0007440961001,ROPER ST. FRANCIS HEALTHCARE 403(B) PLAN,ROPER ST. FRANCIS HEALTHCARE,606523191.00,421549784.00,184973407.00,30.00
20251014135500NAL0001459731001,SPOTIFY USA INC. 401(K) PROFIT SHARING PLAN AND TRUST,"SPOTIFY USA, INC.",184973136.00,0.00,184973136.00,100.00
20251015113118NAL0002329043003,VANDALIA HEALTH SYSTEM 403(B) PLAN,"CHARLESTON AREA MEDICAL CENTER HEALTH SYSTEM, INC.",214421075.00,29606368.00,184814707.00,86.00
20251015091455NAL0008484674001,NWN CAROUSEL 401(K) PLAN,CAROUSEL INDUSTRIES OF NORTH AMERICA,184764942.00,0.00,184764942.00,100.00
20250915154829NAL0000775859001,"WOLVERINE WORLD WIDE, INC. 401(K) RETIREMENT SAVINGS PLAN I","WOLVERINE WORLD WIDE, INC.",184756514.00,0.00,184756514.00,100.00
20250930154155NAL0011881137001,HAMPTON LUMBER RETIREMENT PLAN,"HAMPTON RESOURCES, INC.",184680839.00,0.00,184680839.00,100.00
20251002111511NAL0000267635001,"ENLINK MIDSTREAM OPERATING, LP 401(K) TRUST","ENLINK MIDSTREAM OPERATING, LP",184546342.00,0.00,184546342.00,100.00
20250917110943NAL0000534194001,METSO RETIREMENT SAVINGS PLAN,METSO USA INC.,184223773.00,0.00,184223773.00,100.00
20250929152541NAL0011477345001,ONITY GROUP INC. 401(K) SAVINGS PLAN,OCWEN FINANCIAL CORPORATION,183749259.00,0.00,183749259.00,100.00
20251009073359NAL0010973216001,"MERCK & CO., INC. MASTER RETIREMENT TRUST","MERCK & CO., INC.",183599773.00,0.00,183599773.00,100.00
20250731154246NAL0005492513001,ARETE ASSOCIATES 401(K) PROFIT SHARING PLAN,ARETE ASSOCIATES,183521267.00,0.00,183521267.00,100.00
20251015102556NAL0002142851001,HEXCEL CORPORATION MASTER TRUST,HEXCEL CORPORATION,183508863.00,0.00,183508863.00,100.00
20260624134539NAL0006410899001,IONA UNIVERSITY DEFINED CONTRIBUTION RETIREMENT PLAN,IONA UNIVERSITY,183288589.00,0.00,183288589.00,100.00
20251010101149NAL0007491633001,DANAHER CORPORATION & SUBSIDIARIES SAVINGS PLAN,DANAHER CORPORATION,195376120.00,12580181.00,182795939.00,94.00
20250729143515NAL0001706755001,ARMSTRONG & TEASDALE 401(K) PLAN,ARMSTRONG TEASDALE LLP,182519645.00,0.00,182519645.00,100.00
20260612094152NAL0006859841001,THE CULINARY INSTITUTE OF AMERICA DEFINED CONTRIBUTION PLAN,THE CULINARY INSTITUTE OF AMERICA,182430371.00,0.00,182430371.00,100.00
20251014115846NAL0001313763001,"SOFTWARE AG, LLC PROFIT SHARING PLAN","SAG, LLC.",214175880.00,31986591.00,182189289.00,85.00
20251015011150NAL0005082864001,PORTLAND GENERAL ELECTRIC COMPANY 401K PLAN,PORTLAND GENERAL ELECTRIC COMPANY,181883514.00,0.00,181883514.00,100.00
20260701133148NAL0017544832001,RETIREMENT TARGET 2040 SEPARATE ACCOUNT,PRINCIPAL LIFE INSURANCE COMPANY,181874325.00,0.00,181874325.00,100.00
20251218170324NAL0002684051001,NFL PLAYER SECOND CAREER SAVINGS PLAN MASTER TRUST,SAVINGS BOARD OF THE NFL PLAYER SECOND CAREER SAVINGS PLAN,181596623.00,0.00,181596623.00,100.00
20251013171742NAL0001658993001,PACIFIC LUTHERAN UNIVERSITY 403(B) RETIREMENT PLAN,PACIFIC LUTHERAN UNIVERSITY,181166168.00,0.00,181166168.00,100.00
20251013115400NAL0000568323001,BALFOUR BEATTY CONSTRUCTION GROUP 401(K) AND PROFIT SHARING PLAN,"BALFOUR BEATTY CONSTRUCTION GROUP, INC.",181123272.00,0.00,181123272.00,100.00
20251010213934NAL0019537394001,ROCKWELL AUTOMATION INC DEFINED CONTRIBUTION MASTER TRUST,ROCKWELL AUTOMATION CORPORATION,391016219.00,210265504.00,180750715.00,46.00
20250930121945NAL0019404130001,BWXT MASTER TRUST,BWXT INVESTMENT COMPANY,38000455.00,-142548419.87,180548874.87,475.00
20260630133339NAL0012858625001,"M/I HOMES, INC. 401(K) PROFIT SHARING PLAN","M/I HOMES, INC.",180504992.00,0.00,180504992.00,100.00
20251001142521NAL0021121746002,B. F. SAUL COMPANY EMPLOYEES' 401(K) RETIREMENT PLAN,B. F. SAUL COMPANY AND SUBSIDIARIES,180244580.00,0.00,180244580.00,100.00
20251015103338NAL0002151443001,ALLIANT ENERGY CORPORATION 401(K) SAVINGS PLAN,"ALLIANT ENERGY CORPORATE SERVICES, INC.",340357976.00,160254977.00,180102999.00,53.00
20251010071022NAL0007308897001,SACRED HEART UNIVERSITY DEFINED CONTRIBUTION PLAN,SACRED HEART UNIVERSITY INCORPORATED,237350934.00,57465409.00,179885525.00,76.00
20251015090837NAL0005618336001,YAGEO GROUP EMPLOYEES' SAVINGS PLAN,KEMET ELECTRONICS CORPORATION,179794345.00,0.00,179794345.00,100.00
20251008165241NAL0003445123001,CASCADE CORPORATION SAVINGS AND INVESTMENT PLAN,CASCADE CORPORATION,179771629.00,0.00,179771629.00,100.00
20251027074128NAL0005292195001,SMC CORPORATION RETIREMENT SAVINGS PLAN,SMC CORPORATION OF AMERICA,179615699.00,0.00,179615699.00,100.00
20251002113024NAL0000386449001,N.A.N.I PHYSICIANS SERVICES PROFIT SHARING AND RETIREMENT SAVING PLAN,NEPHROLOGY ASSOCIATES OF NORTHERN ILLINOIS AND INDIANA,179476612.00,0.00,179476612.00,100.00
20260630073010NAL0010434979001,"EGON ZEHNDER INTERNATIONAL, INC. 401(K) PROFIT SHARING PLAN",EGON ZEHNDER INTERNATIONAL INC.,179407361.00,0.00,179407361.00,100.00
20251015174416NAL0002823715001,JOHN BEAN TECHNOLOGIES CORPORATION DEFINED CONTRIBUTION MASTER TRUST,JBT AEROTECH CORPORATION,179301597.00,0.00,179301597.00,100.00
20260630140329NAL0015746224001,GIBRALTAR 401(K) PLAN,GIBRALTAR STEEL CORPORATION OF NEW YORK,179297837.00,0.00,179297837.00,100.00
20260227140301NAL0000187923001,PLUMBERS & PIPEFITTERS LOCAL 9 SURETY PLAN,PLUMBERS AND PIPEFITTERS LOCAL 9 SURETY FUND,179213372.00,0.00,179213372.00,100.00
20250923123354NAL0007999603001,DEVEREUX DEFINED CONTRIBUTION RETIREMENT PLAN,DEVEREUX,400387396.00,221201632.00,179185764.00,45.00
20251014112802NAL0002755745001,"G-III APPAREL GROUP, LTD. 401(K) PLAN","G-III APPAREL GROUP, LTD",179109622.00,0.00,179109622.00,100.00
20250930080650NAL0005380899004,METAL LATHERS LOCAL 46 ANNUITY FUND,BOARD OF TRUSTEES OF METAL LATHERS LOCAL 46 ANNUITY FUND,178522332.00,0.00,178522332.00,100.00
20250912120807NAL0003572450001,O.C. TANNER RETIREMENT & SAVINGS PLAN,O.C. TANNER COMPANY,178496551.00,0.00,178496551.00,100.00
20250925081507NAL0008304801001,LEK CONSULTING 401(K) PLAN,L.E.K. CONSULTING LLC,178259107.00,0.00,178259107.00,100.00
20251003142515NAL0001507073001,OMYA INDUSTRIES INC. 401(K) SAVINGS PLAN,OMYA INDUSTRIES INC.,177835431.00,0.00,177835431.00,100.00
20260717082459NAL0004122627001,HUDSON RIVER TRADING LLC 401(K) PLAN,HUDSON RIVER TRADING LLC,177544715.00,0.00,177544715.00,100.00
20251014194556NAL0007287618001,KYNDRYL 401K PLAN,"KYNDRYL, INC.",177225253.00,0.00,177225253.00,100.00
20251013202902NAL0001937553002,SOUTHERN GRAPHICS INC. SAVINGS PLAN,SOUTHERN GRAPHICS INC.,176950135.00,0.00,176950135.00,100.00
20251013123707NAL0000609123001,CENOVUS NON-REPRESENTED 401(K) PLAN,LIMA REFINING COMPANY,176913001.00,0.00,176913001.00,100.00
20251015162051NAL0006744704001,UNIVISION SAVINGS TAX ADVANTAGE RETIREMENT PLAN,UNIVISION COMMUNICATIONS INC.,176792133.00,0.00,176792133.00,100.00
20251124101150NAL0001742769001,FIRST BANK 401(K) PLAN,FIRST BANK,176719015.00,0.00,176719015.00,100.00
20250815092727NAL0029887442001,BROWN ADVISORY 401(K) PLAN,BROWN INVESTMENT ADVISORY & TRUST COMPANY,176670873.00,0.00,176670873.00,100.00
20251014095047NAL0005344498001,NATIONAL PLUS PLAN,BOARD OF TRUSTEES OF THE NATIONAL PLUS PLAN,176253857.00,0.00,176253857.00,100.00
20251015152110NAL0002659539001,"401(K)/PROFIT SHARING PLAN AND TRUST FOR WAKE RADIOLOGY CONSULTANTS, P.A.","WAKE RADIOLOGY CONSULTANTS, P.A",175582538.00,0.00,175582538.00,100.00
20251014124142NAL0001358419001,"UNICREDIT BANK GMBH, NEW YORK BRANCH","UNICREDIT BANK GMBH, NEW YORK BRANCH",175451363.00,0.00,175451363.00,100.00
20251014141338NAL0001482403001,EMERSON HEALTH SYSTEM RETIREMENT SAVINGS PLAN,"EMERSON HEALTH SYSTEM, INC.",175262665.00,0.00,175262665.00,100.00
20251015143827NAL0005155233001,WOMAN'S HOSPITAL FOUNDATION 403(B) RETIREMENT SAVINGS PLAN,WOMAN'S HOSPITAL FOUNDATION,175258967.00,0.00,175258967.00,100.00
20250718200111NAL0004154578001,EXACT SCIENCES CORPORATION 401(K) PLAN,EXACT SCIENCES CORPORATION,175185573.00,0.00,175185573.00,100.00
20251008165323NAL0003445507001,GAVILON 401(K) MASTER TRUST,"VITERRA USA HOLDINGS, LLC",175012695.00,0.00,175012695.00,100.00
20251013143716NAL0003293538001,"HTC GLOBAL SERVICES, INC. SAVINGS INCENTIVE PLAN","HTC GLOBAL SERVICES, INC.",174989799.00,0.00,174989799.00,100.00
20251009152608NAL0004039619001,PREGIS LLC RETIREMENT AND SAVINGS PLAN,PREGIS LLC,174914125.00,0.00,174914125.00,100.00
20260402160055NAL0003808658001,CALISTA 401(K) RETIREMENT PLAN,CALISTA CORPORATION,174426026.00,0.00,174426026.00,100.00
20250804150856NAL0000787251001,WILLAMETTE UNIVERSITY DEFINED CONTRIBUTION RETIREMENT PLAN,WILLAMETTE UNIVERSITY,173476498.00,0.00,173476498.00,100.00
20251009085205NAL0006707825001,GIBBONS P.C. THRIFT SAVINGS PLAN & TRUST,GIBBONS P.C.,173339790.00,0.00,173339790.00,100.00
20260304070245NAL0004512064001,NATIONAL HOCKEY LEAGUE PLAYERS' US 401(K),BENEFITS CMTE OF THE NTL HOCKEY LEAGUE PLYRS 401(K) SAV,173194242.00,0.00,173194242.00,100.00
20250914131011NAL0000340737001,HGV RETIREMENT SAVINGS PLAN,HILTON RESORTS CORPORATION,172885724.00,0.00,172885724.00,100.00
20251002122117NAL0000479681001,"SAVINGS PLAN FOR EMPLOYEES OF PERNOD RICARD USA, LLC","PERNOD RICARD USA, LLC",172615578.00,0.00,172615578.00,100.00
20251015090733NAL0008774370001,PORTER WRIGHT MORRIS AND ARTHUR LLP 401K RETIREMENT PLAN MASTER TRUST,PORTER WRIGHT MORRIS & ARTHUR LLP,172523898.00,0.00,172523898.00,100.00
20260414050529NAL0023897088001,"NORTHWEST OHIO CARPENTERS, MILLWRIGHTS AND PILE DRIVERS SUPPLEMENTAL PENSION PLAN",BOARD OF TRUSTEES NW OHIO CARP MW PD SUPPLEMENTAL,172520215.00,0.00,172520215.00,100.00
20251015181342NAL0005606529001,SIMON & SCHUSTER 401(K) RETIREMENT PLAN,"SIMON & SCHUSTER, LLC",172314657.00,0.00,172314657.00,100.00
20251010154558NAL0008419281001,WILLIS TOWERS WATSON SAVINGS PLAN TRUST,WILLIS TOWERS WATSON US LLC,346394414.00,174107093.00,172287321.00,50.00
20251015151211NAL0006732944001,EWINGCOLE CASH-OP PLAN,"EWINGCOLE, INC.",172260504.00,0.00,172260504.00,100.00
20250924135610NAL0009310979001,THE COLLEGE OF WOOSTER DEFINED CONTRIBUTION PLAN,THE COLLEGE OF WOOSTER,171714785.00,0.00,171714785.00,100.00
20250910111233NAL0013132035001,"RETIREMENT PLAN FOR EMPLOYEES OF THE POPULATION COUNCIL, INC.","THE POPULATION COUNCIL, INC.",172650799.00,1070151.00,171580648.00,99.00
20250702135125NAL0013037201001,"WATCO COMPANIES, L.L.C. 401(K) PLAN","WATCO COMPANIES, L.L.C.",171568464.00,0.00,171568464.00,100.00
20251008173231NAL0005869521001,"WYNN RESORTS, LIMITED 401(K) PLAN","WYNN RESORTS, LIMITED",171463531.00,0.00,171463531.00,100.00
20251015213103NAL0011307234001,METRO-ILA INDIVIDUAL ACCOUNT RETIREMENT PLAN,BOARD OF TRUSTEES METRO-ILA INDIVIDUAL ACCOUNT RETIREMENT PLAN,171406335.00,0.00,171406335.00,100.00
20260820133912NAL0020077201001,ASHLAND INC. MASTER TRUST,ASHLAND INC.,171364047.00,0.00,171364047.00,100.00
20251013120034NAL0000566563001,CRAWFORD & COMPANY SAVINGS & INVESTMENT PLAN,CRAWFORD & COMPANY & SUBSIDIARIES,171253850.00,0.00,171253850.00,100.00
20260415185037NAL0021451984001,BAKER & MCKENZIE ILLINOIS PROFIT SHARING AND 401K PLAN,BAKER & MCKENZIE LLP,209121918.00,38024815.00,171097103.00,82.00
20260706121307NAL0015542611001,THE MASTER TRUST AGREEMENT FOR THE TIMKEN COMPANY DEFINED CONTRIBUTION PLANS,THE TIMKEN COMPANY,170974784.00,0.00,170974784.00,100.00
20251009163906NAL0006916161001,"DAIKIN AMERICA, INC. 401(K) SAVINGS AND RETIREMENT PLAN","DAIKIN AMERICA, INC.",170895427.00,0.00,170895427.00,100.00
20260205155212NAL0002631475001,SPRINGFIELD COLLEGE DEFINED CONTRIBUTION RETIREMENT PLAN,SPRINGFIELD COLLEGE,170691052.00,0.00,170691052.00,100.00
20250925085110NAL0007463361003,HRSA-ILA ANNUITY & SAVINGS PLAN,BOARD OF TRUSTEES OF THE HRSA-ILA ANNUITY & SAVINGS PLAN,170349737.00,0.00,170349737.00,100.00
20251006120424NAL0002040739001,STANLEY ELECTRIC ASSOCIATES 401K PLAN,STANLEY ELECTRIC HOLDING COMPANY OF AMERICA,169758418.00,0.00,169758418.00,100.00
20251006154900NAL0002231155001,NTEC 401(K) PLAN II,"NAVAJO TRANSITIONAL ENERGY COMPANY, LLC",195607440.00,25977960.00,169629480.00,87.00
20251007174555NAL0002632387001,"SA RECYCLING, LLC 401(K) PROFIT SHARING PLAN","SA RECYCLING, LLC",169626369.00,0.00,169626369.00,100.00
20260717111646NAL0004470867001,CERITY PARTNERS 401(K) PLAN,CERITY PARTNERS MANAGEMENT LLC,169582110.00,0.00,169582110.00,100.00
20260722095223NAL0009319571001,ATLANTIC UNION BANKSHARES CORPORATION 401(K) PROFIT SHARING PLAN,ATLANTIC UNION BANKSHARES CORPORATION,169393834.00,0.00,169393834.00,100.00
20250916081216NAL0001182099001,"BAYHEALTH MEDICAL CENTER, INC. RETIREMENT AND SAVINGS PLAN","BAYHEALTH MEDICAL CENTER, INC.",184512931.00,15151064.00,169361867.00,92.00
20251013165028NAL0001623921001,"FERRERO U.S.A., INC. AND SUBSIDIARIES PROFIT SHARING AND 401(K) PLAN",FERRERO USA INC.,169361595.00,0.00,169361595.00,100.00
20251002050637NAL0000092691001,BEONE MEDICINES 401(K) PLAN,"BEIGENE USA, INC.",220651832.00,51359693.00,169292139.00,77.00
20251009145207NAL0007164177001,WELLSKY CORPORATION 401(K) PLAN,WELLSKY CORPORATION,169238927.00,0.00,169238927.00,100.00
20260625124455NAL0011167120001,NOVA CHEMICALS INC. SAVINGS PLAN FOR U.S. EMPLOYEES,"NOVA CHEMICALS, INC.",169224084.00,0.00,169224084.00,100.00
20250731131307NAL0003088163001,COPPERPOINT INSURANCE CO. 401(K) PLAN,COPPERPOINT INSURANCE COMPANIES,169105957.00,0.00,169105957.00,100.00
20251001085117NAL0013963152001,THE CAPCO 401(K) PROFIT SHARING PLAN,THE CAPITAL MARKETS COMPANY,168080180.00,0.00,168080180.00,100.00
20251010162508NAL0004788211001,HEI HOTELS AND RESORTS 401(K) PLAN,MERRITT HOSPITALITY LLC,168024502.00,0.00,168024502.00,100.00
20260715112022NAL0002889361001,GENEDX HOLDINGS CORP. 401(K) PLAN,GENEDX HOLDINGS CORP.,167861541.00,0.00,167861541.00,100.00
20251014110942NAL0003728048003,"S.C. JOHNSON & SON, INC. EMPLOYEES DEFERRED PROFIT SHARING AND SAVINGS PLAN","S.C. JOHNSON & SON, INC.",167697765.00,0.00,167697765.00,100.00
20260713111031NAL0000084403001,RETIREMENT SAVINGS PLAN FOR EMPLOYEES OF SEACOAST NATIONAL BANK,SEACOAST NATIONAL BANK,167639195.00,0.00,167639195.00,100.00
20260402132258NAL0001180995001,"SHORT-ELLIOTT-HENDRICKSON, INC. PROFIT SHARING AND 401(K) PLAN","SHORT-ELLIOTT-HENDRICKSON, INC.",203930960.00,36342629.00,167588331.00,82.00
